Nº Pedido Conway:;0464361;Estado:;;Fecha Entrada:;2026-08-14T01:50:00.000;;;;;;
Nº Pedido Cliente:;0464361;Base Imponible:;"1.442,59 €";Fecha Facturación:;;;;;;;
Tipo de Pedido:;Envío Standard;Impuestos:;"157,92 €";Fecha Entrega:;;;;;;;
Peso Total:;"498,91 Kg";Total:;"1.600,51 €";;;;;;;;
;;;;;;;;;;;
NumeroPedidoInternoKey;NumeroLineaPedidoInterno;IdArticulo;DescripcionArticulo;Tamanyo;Pack;CantidadPedida;CantidadRecibida;PrecioUnitario;PorcentajeIVA;PorcentajeREQ;IdArticuloCliente
0464361;00001;363429;PIZZA MARGARITA 27CM 330G;330GRS;10;1;;"35,40 €";"10,00 €";"0,00 €";8437018678464
0464361;00002;363411;PIZZA JAMON YORK27CM 380G;380GRS;10;1;;"35,40 €";"10,00 €";"0,00 €";8437018678471
0464361;00003;363353;PIZZA PEPPERONI 27CM 370G;370GRS;10;1;;"35,40 €";"10,00 €";"0,00 €";8437018678488
0464361;00004;420302;RISI GUSANITOS;85 GRS;8;6;;"7,20 €";"10,00 €";"0,00 €";8411859553180C
0464361;00005;234679;DORITOS TEX MEX 20*140GR;20*140GR;20;2;;"22,86 €";"10,00 €";"0,00 €";18410199040760
0464361;00006;222062;VASO DPE 44 15X35 NL 1LT;525UNDS;525;1;;"76,06 €";"21,00 €";"0,00 €";
0464361;00007;373212;VASO DPE32 10X62 75/1025C;75/1025C;620;1;;"53,69 €";"21,00 €";"0,00 €";8413997628652
0464361;00008;465497;PULEVA LECHE MILKY;200 ML;6;1;;"0,00 €";"10,00 €";"0,00 €";8410285103662
0464361;00009;143854;CERVEZA ESTRELLA GALICIA;4PACK*6U;24;1;;"17,39 €";"21,00 €";"0,00 €";8412598023309
0464361;00010;347885;CHEDDAR SEASONING 1KG;1KG;10;2;;"69,43 €";"10,00 €";"0,00 €";5057624847769.
0464361;00011;002998;CONGUITOS BOLSA 90 GRS.;90 GRS.;24;1;;"28,42 €";"10,00 €";"0,00 €";8410556002052
0464361;00012;616425;SNICKERS;50 GR;24;1;;"18,32 €";"10,00 €";"0,00 €";5900951311505
0464361;00013;623876;FIESTA KOJAK CEREZA;BANDEJA;100;1;;"13,93 €";"10,00 €";"0,00 €";84191069
0464361;00014;540567;FIESTA FRESQUITO COLA;17 GRS.;40;1;;"10,94 €";"10,00 €";"0,00 €";8411402050012
0464361;00015;540575;FIESTA FRESQUITO CEREZA;17 GRS.;40;1;;"10,94 €";"10,00 €";"0,00 €";8411402050005
0464361;00016;494369;FIESTA PIRULETA CORAZON;DISPLAY;80;1;;"10,40 €";"10,00 €";"0,00 €";8411402320320
0464361;00017;913350;SKITTLE BOLSA CRAZY;38GRS;14;2;;"9,68 €";"10,00 €";"0,00 €";5000159376792
0464361;00018;913343;SKITTLE FRUTAS;38GRS;14;2;;"9,68 €";"10,00 €";"0,00 €";5000159376655
0464361;00019;310099;MAIZ MUSHROOM POP N ROLL;10 KG;1;5;;"12,88 €";"4,00 €";"0,00 €";3577067000504
0464361;00020;273388;SACO MAIZ 10KG;10KG;1;20;;"11,83 €";"4,00 €";"0,00 €";3577067000726
0464361;00021;448824;ESTUCHE EXTRA GRANDE XXL;YELMO;160;1;;"49,49 €";"21,00 €";"0,00 €";
0464361;00022;402391;ACEITE GIRASOL 3*5LT;3*5LT;3;3;;"24,56 €";"10,00 €";"0,00 €";8424536936879
0464361;00023;221619;GLAZE POP CARAMELO;794 GRS;12;4;;"42,27 €";"10,00 €";"0,00 €";
0464361;00024;980102;PALOMITERO 260 OZ GRAN;.;300;2;;"45,84 €";"21,00 €";"0,00 €";
0464361;00025;999268;"RICOS QUESO 4Bx3,97KG";"3,97KG";4;1;;"70,17 €";"10,00 €";"0,00 €";4250221395911
0464361;00026;045737;SALSA MOSTAZA DIPPOT 25GR;100*25G;100;1;;"11,91 €";"10,00 €";"0,00 €";5000157103741.
0464361;00027;053897;TRIANGULOS MAIZ FRITO;125g;44;1;;"29,60 €";"10,00 €";"0,00 €";18436002420949
0464361;00028;260638;TEKEFINGERS QUESO PRECOCI;.;80;1;;"33,19 €";"10,00 €";"0,00 €";8437018678167
