NumeroPedidoInterno;IdCliente;NombreCliente;NumeroPedidoCliente;FechaEntradaPedido;FechaEntrega;Situación;BaseImponible;Impuestos;Total;FechaPrevistaEntregaDesde;FechaPrevistaEntregaHasta;FechaRealEntrega;TipoPedido;PesoTotal
0487252;348086;25025014 YELMO OVIEDO LOS PRADOS;SP0010000437016;2026-08-25T01:52:00.000;2026-09-01T15:00:00.000;En Preparación;"2.770,66 €";"355,43 €";"3.126,09 €";2026-09-01T15:00:00.000;2026-09-01T15:00:00.000;2026-09-01T15:00:00.000;Envío Standard;"791,70 Kg"
0474172;348086;25025014 YELMO OVIEDO LOS PRADOS;SP0010000433941;2026-08-19T01:49:00.000;;Anulado;"0,00 €";"0,00 €";"0,00 €";2026-08-25T15:00:00.000;2026-08-25T15:00:00.000;;Envío Standard;"0,00 Kg"
0464361;348086;25025014 YELMO OVIEDO LOS PRADOS;SP0010000433666;2026-08-14T01:50:00.000;2026-08-18T15:00:00.000;Entregado;"1.442,59 €";"157,92 €";"1.600,51 €";2026-08-18T15:00:00.000;2026-08-18T15:00:00.000;2026-08-18T15:00:00.000;Envío Standard;"498,91 Kg"
0454366;348086;25025014 YELMO OVIEDO LOS PRADOS;VASO HARRY POTT;2026-08-10T16:29:00.000;2026-08-18T15:00:00.000;Entregado;"12,25 €";"2,57 €";"14,82 €";2026-08-18T15:00:00.000;2026-08-18T15:00:00.000;2026-08-18T15:00:00.000;Envío Standard;"12,15 Kg"
0447972;348086;25025014 YELMO OVIEDO LOS PRADOS;SP0010000433286;2026-08-07T01:51:00.000;2026-08-11T15:00:00.000;Entregado;"2.308,54 €";"282,57 €";"2.591,11 €";2026-08-11T15:00:00.000;2026-08-11T15:00:00.000;2026-08-11T15:00:00.000;Envío Standard;"838,86 Kg"
0441506;348086;25025014 YELMO OVIEDO LOS PRADOS;SP0010000433195;2026-08-05T01:50:00.000;;Anulado;"69,20 €";"6,92 €";"76,12 €";2026-08-11T15:00:00.000;2026-08-11T15:00:00.000;;Envío Standard;"2,60 Kg"
0428218;348086;25025014 YELMO OVIEDO LOS PRADOS;SP0010000432752;2026-07-30T01:52:00.000;2026-08-04T15:00:00.000;Entregado;"3.500,43 €";"406,56 €";"3.906,99 €";2026-08-04T15:00:00.000;2026-08-04T15:00:00.000;2026-08-04T15:00:00.000;Envío Standard;"994,02 Kg"
0425457;348086;25025014 YELMO OVIEDO LOS PRADOS;TOY PATRULLA CA;2026-07-29T07:27:00.000;2026-08-04T15:00:00.000;Entregado;"73,22 €";"7,32 €";"80,54 €";2026-08-04T15:00:00.000;2026-08-04T15:00:00.000;2026-08-04T15:00:00.000;Envío Standard;"2,30 Kg"
0415162;348086;25025014 YELMO OVIEDO LOS PRADOS;SP0010000432350;2026-07-24T01:51:00.000;2026-07-28T15:00:00.000;Entregado;"2.145,24 €";"263,16 €";"2.408,40 €";2026-07-28T15:00:00.000;2026-07-28T15:00:00.000;2026-07-28T15:00:00.000;Envío Standard;"787,79 Kg"
0411953;348086;25025014 YELMO OVIEDO LOS PRADOS;SP0010000432265;2026-07-23T01:51:00.000;;Anulado;"0,00 €";"0,00 €";"0,00 €";2026-07-28T15:00:00.000;2026-07-28T15:00:00.000;;Envío Standard;"0,00 Kg"
0411954;348086;25025014 YELMO OVIEDO LOS PRADOS;SP0010000432266;2026-07-23T01:51:00.000;;Anulado;"0,00 €";"0,00 €";"0,00 €";2026-07-28T15:00:00.000;2026-07-28T15:00:00.000;;Envío Standard;"0,00 Kg"
0409070;348086;25025014 YELMO OVIEDO LOS PRADOS;SP0010000432204;2026-07-22T01:50:00.000;;Anulado;"247,43 €";"35,21 €";"282,64 €";2026-07-28T15:00:00.000;2026-07-28T15:00:00.000;;Envío Standard;"58,25 Kg"
0404928;348086;25025014 YELMO OVIEDO LOS PRADOS;SP0010000432086;2026-07-20T13:52:00.000;;Anulado;"0,00 €";"0,00 €";"0,00 €";2026-07-28T15:00:00.000;2026-07-28T15:00:00.000;;Envío Standard;"0,00 Kg"
0398548;348086;25025014 YELMO OVIEDO LOS PRADOS;PROM.SPIDERMAN;2026-07-16T19:06:00.000;2026-07-21T15:00:00.000;Entregado;"49,82 €";"10,46 €";"60,28 €";2026-07-21T15:00:00.000;2026-07-21T15:00:00.000;2026-07-21T15:00:00.000;Envío Standard;"42,65 Kg"
0398588;348086;25025014 YELMO OVIEDO LOS PRADOS;VARIOS SPIDERMA;2026-07-16T19:06:00.000;2026-07-21T15:00:00.000;Entregado;"304,80 €";"47,26 €";"352,06 €";2026-07-21T15:00:00.000;2026-07-21T15:00:00.000;2026-07-21T15:00:00.000;Envío Standard;"47,15 Kg"
0398502;348086;25025014 YELMO OVIEDO LOS PRADOS;BOTELLA Y VASO;2026-07-16T19:00:00.000;2026-07-21T15:00:00.000;Entregado;"1.067,86 €";"224,25 €";"1.292,11 €";2026-07-21T15:00:00.000;2026-07-21T15:00:00.000;2026-07-21T15:00:00.000;Envío Standard;"36,75 Kg"
0395714;348086;25025014 YELMO OVIEDO LOS PRADOS;SP0010000431845;2026-07-16T01:46:00.000;2026-07-21T15:00:00.000;Entregado;"1.727,67 €";"200,24 €";"1.927,91 €";2026-07-21T15:00:00.000;2026-07-21T15:00:00.000;2026-07-21T15:00:00.000;Envío Standard;"538,87 Kg"
0392911;348086;25025014 YELMO OVIEDO LOS PRADOS;SP0010000431651;2026-07-15T01:48:00.000;;Anulado;"0,00 €";"0,00 €";"0,00 €";2026-07-21T15:00:00.000;2026-07-21T15:00:00.000;;Envío Standard;"0,00 Kg"
0379564;348086;25025014 YELMO OVIEDO LOS PRADOS;SP0010000427916;2026-07-09T01:49:00.000;2026-07-14T15:00:00.000;Entregado;"1.956,76 €";"247,96 €";"2.204,72 €";2026-07-14T15:00:00.000;2026-07-14T15:00:00.000;2026-07-14T15:00:00.000;Envío Standard;"561,27 Kg"
0367461;348086;25025014 YELMO OVIEDO LOS PRADOS;ODYSSEY;2026-07-03T13:21:00.000;2026-07-14T15:00:00.000;Entregado;"32,98 €";"6,93 €";"39,91 €";2026-07-14T15:00:00.000;2026-07-14T15:00:00.000;2026-07-14T15:00:00.000;Envío Standard;"31,00 Kg"
0359529;348086;25025014 YELMO OVIEDO LOS PRADOS;SP0010000427586;2026-07-01T01:47:00.000;;Anulado;"0,00 €";"0,00 €";"0,00 €";2026-07-07T15:00:00.000;2026-07-07T15:00:00.000;;Envío Standard;"0,00 Kg"
0359530;348086;25025014 YELMO OVIEDO LOS PRADOS;SP0010000427587;2026-07-01T01:47:00.000;;Anulado;"0,00 €";"0,00 €";"0,00 €";2026-07-07T15:00:00.000;2026-07-07T15:00:00.000;;Envío Standard;"0,00 Kg"
0359531;348086;25025014 YELMO OVIEDO LOS PRADOS;SP0010000427588;2026-07-01T01:47:00.000;;Anulado;"43,03 €";"9,04 €";"52,07 €";2026-07-07T15:00:00.000;2026-07-07T15:00:00.000;;Envío Standard;"8,80 Kg"
0359532;348086;25025014 YELMO OVIEDO LOS PRADOS;SP0010000427592;2026-07-01T01:47:00.000;;Anulado;"127,10 €";"12,71 €";"139,81 €";2026-07-07T15:00:00.000;2026-07-07T15:00:00.000;;Envío Standard;"17,10 Kg"
0358011;348086;25025014 YELMO OVIEDO LOS PRADOS;GUANTES;2026-06-30T12:23:00.000;2026-07-14T15:00:00.000;Entregado;"30,24 €";"6,35 €";"36,59 €";2026-07-14T15:00:00.000;2026-07-14T15:00:00.000;2026-07-14T15:00:00.000;Envío Standard;"0,90 Kg"
0349379;348086;25025014 YELMO OVIEDO LOS PRADOS;SP0010000426995;2026-06-26T01:49:00.000;2026-06-30T15:00:00.000;Entregado;"723,89 €";"87,74 €";"811,63 €";2026-06-30T15:00:00.000;2026-06-30T15:00:00.000;2026-06-30T15:00:00.000;Envío Standard;"222,78 Kg"
0343525;348086;25025014 YELMO OVIEDO LOS PRADOS;SP0010000426765;2026-06-24T01:50:00.000;;Anulado;"0,00 €";"0,00 €";"0,00 €";2026-06-30T15:00:00.000;2026-06-30T15:00:00.000;;Envío Standard;"0,00 Kg"
0343526;348086;25025014 YELMO OVIEDO LOS PRADOS;SP0010000426766;2026-06-24T01:50:00.000;;Anulado;"17,43 €";"1,74 €";"19,17 €";2026-06-30T15:00:00.000;2026-06-30T15:00:00.000;;Envío Standard;"5,50 Kg"
0343527;348086;25025014 YELMO OVIEDO LOS PRADOS;SP0010000426768;2026-06-24T01:50:00.000;;Anulado;"0,00 €";"0,00 €";"0,00 €";2026-06-30T15:00:00.000;2026-06-30T15:00:00.000;;Envío Standard;"0,00 Kg"
0343005;348086;25025014 YELMO OVIEDO LOS PRADOS;VAIANA;2026-06-23T18:29:00.000;2026-06-30T15:00:00.000;Entregado;"20,28 €";"4,26 €";"24,54 €";2026-06-30T15:00:00.000;2026-06-30T15:00:00.000;2026-06-30T15:00:00.000;Envío Standard;"12,70 Kg"
0341856;348086;25025014 YELMO OVIEDO LOS PRADOS;MR. CORN;2026-06-23T12:25:00.000;2026-06-30T15:00:00.000;Entregado;"127,10 €";"12,71 €";"139,81 €";2026-06-30T15:00:00.000;2026-06-30T15:00:00.000;2026-06-30T15:00:00.000;Envío Standard;"20,30 Kg"
0339355;348086;25025014 YELMO OVIEDO LOS PRADOS;MINIONS;2026-06-22T14:42:00.000;2026-06-30T15:00:00.000;Entregado;"426,69 €";"89,60 €";"516,29 €";2026-06-30T15:00:00.000;2026-06-30T15:00:00.000;2026-06-30T15:00:00.000;Envío Standard;"23,00 Kg"
0339382;348086;25025014 YELMO OVIEDO LOS PRADOS;V.MINIONS;2026-06-22T14:42:00.000;2026-06-30T15:00:00.000;Entregado;"9,69 €";"2,03 €";"11,72 €";2026-06-30T15:00:00.000;2026-06-30T15:00:00.000;2026-06-30T15:00:00.000;Envío Standard;"8,90 Kg"
0330236;348086;25025014 YELMO OVIEDO LOS PRADOS;MATCHBALL;2026-06-18T10:42:00.000;2026-06-23T15:00:00.000;Entregado;"17,68 €";"1,77 €";"19,45 €";2026-06-23T15:00:00.000;2026-06-23T15:00:00.000;2026-06-23T15:00:00.000;Envío Standard;"1,80 Kg"
0326457;348086;25025014 YELMO OVIEDO LOS PRADOS;SP0010000426196;2026-06-17T01:55:00.000;2026-06-23T15:00:00.000;Entregado;"1.953,37 €";"170,90 €";"2.124,27 €";2026-06-23T15:00:00.000;2026-06-23T15:00:00.000;2026-06-23T15:00:00.000;Envío Standard;"723,65 Kg"
0321730;348086;25025014 YELMO OVIEDO LOS PRADOS;CACAOLAT KIDS;2026-06-15T13:16:00.000;2026-06-23T15:00:00.000;Entregado;"17,43 €";"1,74 €";"19,17 €";2026-06-23T15:00:00.000;2026-06-23T15:00:00.000;2026-06-23T15:00:00.000;Envío Standard;"5,50 Kg"
0321084;348086;25025014 YELMO OVIEDO LOS PRADOS;SUPER GIRL;2026-06-15T11:13:00.000;2026-06-23T15:00:00.000;Entregado;"2,52 €";"0,53 €";"3,05 €";2026-06-23T15:00:00.000;2026-06-23T15:00:00.000;2026-06-23T15:00:00.000;Envío Standard;"2,20 Kg"
0310385;348086;25025014 YELMO OVIEDO LOS PRADOS;SP0010000424711;2026-06-10T01:44:00.000;;Anulado;"0,00 €";"0,00 €";"0,00 €";2026-06-16T15:00:00.000;2026-06-16T15:00:00.000;;Envío Standard;"0,00 Kg"
0310386;348086;25025014 YELMO OVIEDO LOS PRADOS;SP0010000424712;2026-06-10T01:44:00.000;;Anulado;"0,00 €";"0,00 €";"0,00 €";2026-06-16T15:00:00.000;2026-06-16T15:00:00.000;;Envío Standard;"0,00 Kg"
0310387;348086;25025014 YELMO OVIEDO LOS PRADOS;SP0010000424713;2026-06-10T01:44:00.000;;Anulado;"0,00 €";"0,00 €";"0,00 €";2026-06-16T15:00:00.000;2026-06-16T15:00:00.000;;Envío Standard;"0,00 Kg"
0310388;348086;25025014 YELMO OVIEDO LOS PRADOS;SP0010000424719;2026-06-10T01:44:00.000;;Anulado;"69,20 €";"6,92 €";"76,12 €";2026-06-16T15:00:00.000;2026-06-16T15:00:00.000;;Envío Standard;"2,60 Kg"
0301928;348086;25025014 YELMO OVIEDO LOS PRADOS;EXP.MINIONS;2026-06-05T14:52:00.000;2026-06-09T15:00:00.000;Entregado;"69,20 €";"6,92 €";"76,12 €";2026-06-09T15:00:00.000;2026-06-09T15:00:00.000;2026-06-09T15:00:00.000;Envío Standard;"2,60 Kg"
0297986;348086;25025014 YELMO OVIEDO LOS PRADOS;LLAVEROS MUNDIA;2026-06-04T09:34:00.000;2026-06-09T15:00:00.000;Entregado;"0,00 €";"0,00 €";"0,00 €";2026-06-09T15:00:00.000;2026-06-09T15:00:00.000;2026-06-09T15:00:00.000;Envío Standard;"3,90 Kg"
0297126;348086;25025014 YELMO OVIEDO LOS PRADOS;SP0010000423286;2026-06-04T01:46:00.000;2026-06-09T15:00:00.000;Entregado;"2.063,63 €";"242,46 €";"2.306,09 €";2026-06-09T15:00:00.000;2026-06-09T15:00:00.000;2026-06-09T15:00:00.000;Envío Standard;"809,94 Kg"
0277067;348086;25025014 YELMO OVIEDO LOS PRADOS;TOY STORY P;2026-05-26T11:41:00.000;2026-06-09T15:00:00.000;Entregado;"474,65 €";"99,68 €";"574,33 €";2026-06-09T15:00:00.000;2026-06-09T15:00:00.000;2026-06-09T15:00:00.000;Envío Standard;"10,25 Kg"
0276865;348086;25025014 YELMO OVIEDO LOS PRADOS;TOY STORY;2026-05-26T10:48:00.000;2026-06-09T15:00:00.000;Entregado;"41,86 €";"8,79 €";"50,65 €";2026-06-09T15:00:00.000;2026-06-09T15:00:00.000;2026-06-09T15:00:00.000;Envío Standard;"27,70 Kg"
0265941;348086;25025014 YELMO OVIEDO LOS PRADOS;SP0010000421312;2026-05-21T01:48:00.000;2026-05-26T15:00:00.000;Entregado;"2.753,97 €";"310,08 €";"3.064,05 €";2026-05-26T15:00:00.000;2026-05-26T15:00:00.000;2026-05-26T15:00:00.000;Envío Standard;"984,98 Kg"
0253689;348086;25025014 YELMO OVIEDO LOS PRADOS;SP0010000420811;2026-05-15T01:46:00.000;;Anulado;"0,00 €";"0,00 €";"0,00 €";2026-05-19T15:00:00.000;2026-05-19T15:00:00.000;;Envío Standard;"0,00 Kg"
0247898;348086;25025014 YELMO OVIEDO LOS PRADOS;SP0010000419708;2026-05-13T01:47:00.000;;Anulado;"0,00 €";"0,00 €";"0,00 €";;;;Envío Standard;"0,00 Kg"
0247899;348086;25025014 YELMO OVIEDO LOS PRADOS;SP0010000419709;2026-05-13T01:47:00.000;;Anulado;"0,00 €";"0,00 €";"0,00 €";2026-05-19T15:00:00.000;2026-05-19T15:00:00.000;;Envío Standard;"0,00 Kg"
0238133;348086;25025014 YELMO OVIEDO LOS PRADOS;SP0010000418031;2026-05-08T01:44:00.000;;Anulado;"0,00 €";"0,00 €";"0,00 €";2026-05-12T15:00:00.000;2026-05-12T15:00:00.000;;Envío Standard;"0,00 Kg"
0235876;348086;25025014 YELMO OVIEDO LOS PRADOS;CAMISETA Y VASO;2026-05-07T10:39:00.000;2026-05-12T15:00:00.000;Entregado;"530,14 €";"111,33 €";"641,47 €";2026-05-12T15:00:00.000;2026-05-12T15:00:00.000;2026-05-12T15:00:00.000;Envío Standard;"26,20 Kg"
0235792;348086;25025014 YELMO OVIEDO LOS PRADOS;CUBO Y FUNKO MA;2026-05-07T10:33:00.000;2026-05-12T15:00:00.000;Entregado;"32,62 €";"6,85 €";"39,47 €";2026-05-12T15:00:00.000;2026-05-12T15:00:00.000;2026-05-12T15:00:00.000;Envío Standard;"20,30 Kg"
0234686;348086;25025014 YELMO OVIEDO LOS PRADOS;SP0010000417961;2026-05-07T01:46:00.000;2026-05-12T15:00:00.000;Entregado;"2.267,10 €";"265,23 €";"2.532,33 €";2026-05-12T15:00:00.000;2026-05-12T15:00:00.000;2026-05-12T15:00:00.000;Envío Standard;"559,43 Kg"
0232475;348086;25025014 YELMO OVIEDO LOS PRADOS;HELADOS;2026-05-06T09:49:00.000;2026-05-12T15:00:00.000;Entregado;"109,93 €";"10,99 €";"120,92 €";2026-05-12T15:00:00.000;2026-05-12T15:00:00.000;2026-05-12T15:00:00.000;Envío Standard;"8,65 Kg"
0217491;348086;25025014 YELMO OVIEDO LOS PRADOS;SP0010000415976;2026-04-29T01:48:00.000;;Anulado;"0,00 €";"0,00 €";"0,00 €";2026-05-05T15:00:00.000;2026-05-05T15:00:00.000;;Envío Standard;"0,00 Kg"
0215218;348086;25025014 YELMO OVIEDO LOS PRADOS;CUBOS Z METAL M;2026-04-28T10:46:00.000;2026-05-05T15:00:00.000;Entregado;"170,72 €";"35,85 €";"206,57 €";2026-05-05T15:00:00.000;2026-05-05T15:00:00.000;2026-05-05T15:00:00.000;Envío Standard;"13,60 Kg"
0207318;348086;25025014 YELMO OVIEDO LOS PRADOS;SP0010000415719;2026-04-24T01:47:00.000;2026-04-28T15:00:00.000;Entregado;"996,04 €";"110,71 €";"1.106,75 €";2026-04-28T15:00:00.000;2026-04-28T15:00:00.000;2026-04-28T15:00:00.000;Envío Standard;"360,20 Kg"
0204904;348086;25025014 YELMO OVIEDO LOS PRADOS;EL DIABLO VISTE;2026-04-23T09:19:00.000;2026-04-28T15:00:00.000;Entregado;"186,65 €";"39,20 €";"225,85 €";2026-04-28T15:00:00.000;2026-04-28T15:00:00.000;2026-04-28T15:00:00.000;Envío Standard;"9,30 Kg"
0192242;348086;25025014 YELMO OVIEDO LOS PRADOS;SP0010000415372;2026-04-17T01:46:00.000;2026-04-21T15:00:00.000;Entregado;"1.411,55 €";"169,92 €";"1.581,47 €";2026-04-21T15:00:00.000;2026-04-21T15:00:00.000;2026-04-21T15:00:00.000;Envío Standard;"323,61 Kg"
0177671;348086;25025014 YELMO OVIEDO LOS PRADOS;SP0010000411394;2026-04-10T10:14:00.000;2026-04-14T15:00:00.000;Entregado;"24,64 €";"5,17 €";"29,81 €";2026-04-14T15:00:00.000;2026-04-14T15:00:00.000;2026-04-14T15:00:00.000;Envío Standard;"3,95 Kg"
0177024;348086;25025014 YELMO OVIEDO LOS PRADOS;SP0010000411394;2026-04-10T01:45:00.000;2026-04-14T15:00:00.000;Entregado;"2.305,97 €";"259,86 €";"2.565,83 €";2026-04-14T15:00:00.000;2026-04-14T15:00:00.000;2026-04-14T15:00:00.000;Envío Standard;"586,68 Kg"
0171252;348086;25025014 YELMO OVIEDO LOS PRADOS;SP0010000411253;2026-04-08T01:46:00.000;;Anulado;"0,00 €";"0,00 €";"0,00 €";2026-04-14T15:00:00.000;2026-04-14T15:00:00.000;;Envío Standard;"0,00 Kg"
0163301;348086;25025014 YELMO OVIEDO LOS PRADOS;SP0010000411122;2026-04-04T01:44:00.000;;Anulado;"3.030,41 €";"373,43 €";"3.403,84 €";;;;Envío Standard;"952,17 Kg"
0163193;348086;25025014 YELMO OVIEDO LOS PRADOS;030426;2026-04-03T14:45:00.000;2026-04-07T15:00:00.000;Entregado;"3.046,88 €";"387,88 €";"3.434,76 €";2026-04-07T15:00:00.000;2026-04-07T15:00:00.000;2026-04-07T15:00:00.000;Envío Standard;"934,47 Kg"
0152797;348086;25025014 YELMO OVIEDO LOS PRADOS;BTS;2026-03-30T15:03:00.000;2026-04-07T15:00:00.000;Entregado;"125,18 €";"26,29 €";"151,47 €";2026-04-07T15:00:00.000;2026-04-07T15:00:00.000;2026-04-07T15:00:00.000;Envío Standard;"4,55 Kg"
0146639;348086;25025014 YELMO OVIEDO LOS PRADOS;SP0010000410421;2026-03-27T00:47:00.000;2026-03-31T15:00:00.000;Anulado;"2.592,96 €";"301,80 €";"2.894,76 €";2026-03-31T15:00:00.000;2026-03-31T15:00:00.000;2026-03-31T15:00:00.000;Envío Standard;"735,43 Kg"
0141903;348086;25025014 YELMO OVIEDO LOS PRADOS;NACHOS GALAXY;2026-03-25T12:31:00.000;2026-03-31T15:00:00.000;Anulado;"155,66 €";"18,27 €";"173,93 €";2026-03-31T15:00:00.000;2026-03-31T15:00:00.000;2026-03-31T15:00:00.000;Envío Standard;"20,20 Kg"
0140904;348086;25025014 YELMO OVIEDO LOS PRADOS;SP0010000410073;2026-03-25T00:46:00.000;;Anulado;"0,00 €";"0,00 €";"0,00 €";2026-03-31T15:00:00.000;2026-03-31T15:00:00.000;;Envío Standard;"0,00 Kg"
0140905;348086;25025014 YELMO OVIEDO LOS PRADOS;SP0010000410074;2026-03-25T00:46:00.000;;Anulado;"120,02 €";"12,00 €";"132,02 €";2026-03-31T15:00:00.000;2026-03-31T15:00:00.000;;Envío Standard;"14,05 Kg"
0140906;348086;25025014 YELMO OVIEDO LOS PRADOS;SP0010000410077;2026-03-25T00:46:00.000;;Anulado;"0,00 €";"0,00 €";"0,00 €";2026-03-31T15:00:00.000;2026-03-31T15:00:00.000;;Envío Standard;"0,00 Kg"
0140907;348086;25025014 YELMO OVIEDO LOS PRADOS;SP0010000410078;2026-03-25T00:46:00.000;;Anulado;"21,52 €";"2,15 €";"23,67 €";2026-03-31T15:00:00.000;2026-03-31T15:00:00.000;;Envío Standard;"3,30 Kg"
0140908;348086;25025014 YELMO OVIEDO LOS PRADOS;SP0010000410079;2026-03-25T00:46:00.000;;Anulado;"67,91 €";"14,26 €";"82,17 €";2026-03-31T15:00:00.000;2026-03-31T15:00:00.000;;Envío Standard;"12,75 Kg"
0131106;348086;25025014 YELMO OVIEDO LOS PRADOS;SP0010000409570;2026-03-20T00:47:00.000;2026-03-24T15:00:00.000;Entregado;"1.617,47 €";"224,42 €";"1.841,89 €";2026-03-24T15:00:00.000;2026-03-24T15:00:00.000;2026-03-24T15:00:00.000;Envío Standard;"387,51 Kg"
0126055;348086;25025014 YELMO OVIEDO LOS PRADOS;HANNAH MONTANA;2026-03-18T10:14:00.000;2026-03-24T15:00:00.000;Entregado;"92,09 €";"19,34 €";"111,43 €";2026-03-24T15:00:00.000;2026-03-24T15:00:00.000;2026-03-24T15:00:00.000;Envío Standard;"3,00 Kg"
0122945;348086;25025014 YELMO OVIEDO LOS PRADOS;NACHOS Y SALSA;2026-03-17T07:14:00.000;2026-03-24T15:00:00.000;Entregado;"120,02 €";"12,00 €";"132,02 €";2026-03-24T15:00:00.000;2026-03-24T15:00:00.000;2026-03-24T15:00:00.000;Envío Standard;"14,05 Kg"
0120087;348086;25025014 YELMO OVIEDO LOS PRADOS;DIVISORES Y BAN;2026-03-16T09:50:00.000;2026-03-24T15:00:00.000;Entregado;"63,35 €";"13,30 €";"76,65 €";2026-03-24T15:00:00.000;2026-03-24T15:00:00.000;2026-03-24T15:00:00.000;Envío Standard;"10,25 Kg"
0120137;348086;25025014 YELMO OVIEDO LOS PRADOS;HARIBO MARIO KA;2026-03-16T09:50:00.000;2026-03-24T15:00:00.000;Entregado;"21,52 €";"2,15 €";"23,67 €";2026-03-24T15:00:00.000;2026-03-24T15:00:00.000;2026-03-24T15:00:00.000;Envío Standard;"3,30 Kg"
0120187;348086;25025014 YELMO OVIEDO LOS PRADOS;PROM.MARIO KART;2026-03-16T09:50:00.000;2026-03-24T15:00:00.000;Entregado;"903,66 €";"189,77 €";"1.093,43 €";2026-03-24T15:00:00.000;2026-03-24T15:00:00.000;2026-03-24T15:00:00.000;Envío Standard;"77,15 Kg"
0112691;348086;25025014 YELMO OVIEDO LOS PRADOS;SP0010000408727;2026-03-12T00:47:00.000;2026-03-17T15:00:00.000;Entregado;"1.904,56 €";"200,94 €";"2.105,50 €";2026-03-17T15:00:00.000;2026-03-17T15:00:00.000;2026-03-17T15:00:00.000;Envío Standard;"625,70 Kg"
0110288;348086;25025014 YELMO OVIEDO LOS PRADOS;SP0010000407128;2026-03-11T00:44:00.000;;Anulado;"0,00 €";"0,00 €";"0,00 €";;;;Envío Standard;"0,00 Kg"
0094995;348086;25025014 YELMO OVIEDO LOS PRADOS;SP0010000406025;2026-03-04T00:43:00.000;2026-03-10T15:00:00.000;Entregado;"2.799,34 €";"314,26 €";"3.113,60 €";2026-03-10T15:00:00.000;2026-03-10T15:00:00.000;2026-03-10T15:00:00.000;Envío Standard;"983,78 Kg"
0089246;348086;25025014 YELMO OVIEDO LOS PRADOS;CUBO- LLAVERO T;2026-03-02T07:25:00.000;2026-03-10T15:00:00.000;Entregado;"408,20 €";"85,72 €";"493,92 €";2026-03-10T15:00:00.000;2026-03-10T15:00:00.000;2026-03-10T15:00:00.000;Envío Standard;"34,60 Kg"
0067951;348086;25025014 YELMO OVIEDO LOS PRADOS;SP0010000403703;2026-02-19T00:45:00.000;2026-02-24T15:00:00.000;Entregado;"2.336,47 €";"258,75 €";"2.595,22 €";2026-02-24T15:00:00.000;2026-02-24T15:00:00.000;2026-02-24T15:00:00.000;Envío Standard;"707,76 Kg"
0041477;348086;25025014 YELMO OVIEDO LOS PRADOS;SP0010000399433;2026-02-06T01:33:00.000;2026-02-10T15:00:00.000;Entregado;"1.211,48 €";"128,77 €";"1.340,25 €";2026-02-10T15:00:00.000;2026-02-10T15:00:00.000;2026-02-10T15:00:00.000;Envío Standard;"437,95 Kg"
0035973;348086;25025014 YELMO OVIEDO LOS PRADOS;SP0010000399307;2026-02-04T01:33:00.000;;Anulado;"96,75 €";"14,15 €";"110,90 €";2026-02-10T15:00:00.000;2026-02-10T15:00:00.000;;Envío Standard;"30,62 Kg"
0028313;348086;25025014 YELMO OVIEDO LOS PRADOS;SP0010000399187;2026-01-31T02:24:00.000;;Anulado;"94,99 €";"19,95 €";"114,94 €";;;;Envío Standard;"30,25 Kg"
0023903;348086;25025014 YELMO OVIEDO LOS PRADOS;SP0010000398851;2026-01-29T02:32:00.000;2026-02-03T15:00:00.000;Entregado;"1.981,62 €";"219,44 €";"2.201,06 €";2026-02-03T15:00:00.000;2026-02-03T15:00:00.000;2026-02-03T15:00:00.000;Envío Standard;"652,96 Kg"
0012541;348086;25025014 YELMO OVIEDO LOS PRADOS;MISTERY BOX;2026-01-23T07:35:00.000;2026-01-27T15:00:00.000;Entregado;"94,99 €";"19,95 €";"114,94 €";2026-01-27T15:00:00.000;2026-01-27T15:00:00.000;2026-01-27T15:00:00.000;Envío Standard;"30,25 Kg"
0007994;348086;25025014 YELMO OVIEDO LOS PRADOS;NUEVA CARTA;2026-01-21T12:55:00.000;2026-02-03T15:00:00.000;Entregado;"88,47 €";"12,42 €";"100,89 €";2026-02-03T15:00:00.000;2026-02-03T15:00:00.000;2026-02-03T15:00:00.000;Envío Standard;"29,12 Kg"
0007014;348086;25025014 YELMO OVIEDO LOS PRADOS;SP0010000397466;2026-01-21T02:16:00.000;2026-01-27T15:00:00.000;Entregado;"2.180,58 €";"273,27 €";"2.453,85 €";2026-01-27T15:00:00.000;2026-01-27T15:00:00.000;2026-01-27T15:00:00.000;Envío Standard;"811,75 Kg"
9997588;348086;25025014 YELMO OVIEDO LOS PRADOS;SP0010000394185;2026-01-16T02:08:00.000;;Anulado;"9,84 €";"0,98 €";"10,82 €";2026-01-20T15:00:00.000;2026-01-20T15:00:00.000;;Envío Standard;"1,80 Kg"
9994622;348086;25025014 YELMO OVIEDO LOS PRADOS;SP0010000394055;2026-01-15T02:11:00.000;;Anulado;"1.725,15 €";"222,03 €";"1.947,18 €";2026-01-20T15:00:00.000;2026-01-20T15:00:00.000;;Envío Standard;"546,10 Kg"
9983681;348086;25025014 YELMO OVIEDO LOS PRADOS;;2026-01-09T13:04:00.000;2026-01-13T15:00:00.000;Entregado;"2.460,69 €";"295,48 €";"2.756,17 €";2026-01-13T15:00:00.000;2026-01-13T15:00:00.000;2026-01-13T15:00:00.000;Envío Standard;"688,17 Kg"
9983667;348086;25025014 YELMO OVIEDO LOS PRADOS;;2026-01-09T12:58:00.000;2026-01-13T15:00:00.000;Entregado;"207,30 €";"20,73 €";"228,03 €";2026-01-13T15:00:00.000;2026-01-13T15:00:00.000;2026-01-13T15:00:00.000;Envío Standard;"51,00 Kg"
9969238;348086;25025014 YELMO OVIEDO LOS PRADOS;SP0010000393630;2026-01-03T02:04:00.000;;Anulado;"861,65 €";"103,05 €";"964,70 €";2026-01-13T15:00:00.000;2026-01-13T15:00:00.000;;Envío Standard;"332,06 Kg"
9953275;348086;25025014 YELMO OVIEDO LOS PRADOS;SP0010000393510;2025-12-25T01:54:00.000;;Anulado;"0,00 €";"0,00 €";"0,00 €";2025-12-30T15:00:00.000;2025-12-30T15:00:00.000;;Envío Standard;"0,00 Kg"
9953146;348086;25025014 YELMO OVIEDO LOS PRADOS;;2025-12-24T16:57:00.000;2025-12-29T15:00:00.000;Entregado;"945,99 €";"106,83 €";"1.052,82 €";2025-12-29T15:00:00.000;2025-12-29T15:00:00.000;2025-12-29T15:00:00.000;Envío Standard;"357,86 Kg"
9924347;348086;25025014 YELMO OVIEDO LOS PRADOS;DIVISOR BOB ESP;2025-12-12T10:33:00.000;2025-12-16T15:00:00.000;Entregado;"22,15 €";"4,65 €";"26,80 €";2025-12-16T15:00:00.000;2025-12-16T15:00:00.000;2025-12-16T15:00:00.000;Envío Standard;"5,95 Kg"
9921417;348086;25025014 YELMO OVIEDO LOS PRADOS;TAKIS;2025-12-11T11:10:00.000;2025-12-16T15:00:00.000;Entregado;"124,32 €";"12,43 €";"136,75 €";2025-12-16T15:00:00.000;2025-12-16T15:00:00.000;2025-12-16T15:00:00.000;Envío Standard;"12,60 Kg"
9920251;348086;25025014 YELMO OVIEDO LOS PRADOS;SP0010000390597;2025-12-11T01:43:00.000;2025-12-16T15:00:00.000;Entregado;"2.502,47 €";"308,26 €";"2.810,73 €";2025-12-16T15:00:00.000;2025-12-16T15:00:00.000;2025-12-16T15:00:00.000;Envío Standard;"722,18 Kg"
9917701;348086;25025014 YELMO OVIEDO LOS PRADOS;SP0010000390489;2025-12-10T01:42:00.000;;Anulado;"0,00 €";"0,00 €";"0,00 €";2025-12-16T15:00:00.000;2025-12-16T15:00:00.000;;Envío Standard;"0,00 Kg"
9905356;348086;25025014 YELMO OVIEDO LOS PRADOS;SP0010000388635;2025-12-04T01:48:00.000;2025-12-09T15:00:00.000;Entregado;"3.470,19 €";"413,31 €";"3.883,50 €";2025-12-09T15:00:00.000;2025-12-09T15:00:00.000;2025-12-09T15:00:00.000;Envío Standard;"960,59 Kg"
9893350;348086;25025014 YELMO OVIEDO LOS PRADOS;SP0010000387357;2025-11-28T01:46:00.000;;Anulado;"0,00 €";"0,00 €";"0,00 €";2025-12-02T15:00:00.000;2025-12-02T15:00:00.000;;Envío Standard;"0,00 Kg"
9887749;348086;25025014 YELMO OVIEDO LOS PRADOS;SP0010000387089;2025-11-26T01:41:00.000;;Anulado;"70,81 €";"14,87 €";"85,68 €";2025-12-02T15:00:00.000;2025-12-02T15:00:00.000;;Envío Standard;"19,25 Kg"
9885718;348086;25025014 YELMO OVIEDO LOS PRADOS;GAFAS 3D;2025-11-25T09:31:00.000;2025-12-09T15:00:00.000;Entregado;"105,69 €";"22,19 €";"127,88 €";2025-12-09T15:00:00.000;2025-12-09T15:00:00.000;2025-12-09T15:00:00.000;Envío Standard;"118,30 Kg"
9880050;348086;25025014 YELMO OVIEDO LOS PRADOS;FUNKO ZOOTROPIA;2025-11-21T15:07:00.000;2025-11-25T15:00:00.000;Entregado;"0,00 €";"0,00 €";"0,00 €";2025-11-25T15:00:00.000;2025-11-25T15:00:00.000;2025-11-25T15:00:00.000;Envío Standard;"6,60 Kg"
9879294;348086;25025014 YELMO OVIEDO LOS PRADOS;BOB ESPONJA;2025-11-21T10:20:00.000;2025-11-25T15:00:00.000;Entregado;"260,68 €";"54,74 €";"315,42 €";2025-11-25T15:00:00.000;2025-11-25T15:00:00.000;2025-11-25T15:00:00.000;Envío Standard;"8,50 Kg"
9879209;348086;25025014 YELMO OVIEDO LOS PRADOS;5 NINGHTS;2025-11-21T10:06:00.000;2025-11-25T15:00:00.000;Entregado;"129,63 €";"27,22 €";"156,85 €";2025-11-25T15:00:00.000;2025-11-25T15:00:00.000;2025-11-25T15:00:00.000;Envío Standard;"48,80 Kg"
9875563;348086;25025014 YELMO OVIEDO LOS PRADOS;SP0010000386093;2025-11-20T01:43:00.000;2025-11-25T15:00:00.000;Entregado;"521,90 €";"62,45 €";"584,35 €";2025-11-25T15:00:00.000;2025-11-25T15:00:00.000;2025-11-25T15:00:00.000;Envío Standard;"109,78 Kg"
9873277;348086;25025014 YELMO OVIEDO LOS PRADOS;SP0010000385255;2025-11-19T01:39:00.000;;Anulado;"0,00 €";"0,00 €";"0,00 €";2025-11-25T15:00:00.000;2025-11-25T15:00:00.000;;Envío Standard;"0,00 Kg"
9871198;348086;25025014 YELMO OVIEDO LOS PRADOS;SEPARADORES- CA;2025-11-18T09:08:00.000;2025-11-25T15:00:00.000;Entregado;"71,86 €";"15,09 €";"86,95 €";2025-11-25T15:00:00.000;2025-11-25T15:00:00.000;2025-11-25T15:00:00.000;Envío Standard;"16,75 Kg"
9862304;348086;25025014 YELMO OVIEDO LOS PRADOS;CUBO ZOOTROPOLI;2025-11-13T10:02:00.000;2025-11-18T15:00:00.000;Entregado;"104,10 €";"21,86 €";"125,96 €";2025-11-18T15:00:00.000;2025-11-18T15:00:00.000;2025-11-18T15:00:00.000;Envío Standard;"54,60 Kg"
9856342;348086;25025014 YELMO OVIEDO LOS PRADOS;SP0010000381731;2025-11-11T01:33:00.000;2025-11-18T15:00:00.000;Entregado;"1.920,42 €";"247,55 €";"2.167,97 €";2025-11-18T15:00:00.000;2025-11-18T15:00:00.000;2025-11-18T15:00:00.000;Envío Standard;"387,07 Kg"
9844387;348086;25025014 YELMO OVIEDO LOS PRADOS;SP0010000381514;2025-11-05T01:34:00.000;;Anulado;"81,48 €";"8,15 €";"89,63 €";2025-11-11T15:00:00.000;2025-11-11T15:00:00.000;;Envío Standard;"5,04 Kg"
9836899;348086;25025014 YELMO OVIEDO LOS PRADOS;VASOS WICKED;2025-10-31T15:24:00.000;2025-11-04T15:00:00.000;Entregado;"9,62 €";"2,02 €";"11,64 €";2025-11-04T15:00:00.000;2025-11-04T15:00:00.000;2025-11-04T15:00:00.000;Envío Standard;"9,85 Kg"
9836481;348086;25025014 YELMO OVIEDO LOS PRADOS;311025;2025-10-31T12:51:00.000;2025-11-04T15:00:00.000;Entregado;"674,15 €";"69,34 €";"743,49 €";2025-11-04T15:00:00.000;2025-11-04T15:00:00.000;2025-11-04T15:00:00.000;Envío Standard;"200,60 Kg"
9827972;348086;25025014 YELMO OVIEDO LOS PRADOS;HELADOS;2025-10-28T08:27:00.000;2025-11-04T15:00:00.000;Entregado;"81,48 €";"8,15 €";"89,63 €";2025-11-04T15:00:00.000;2025-11-04T15:00:00.000;2025-11-04T15:00:00.000;Envío Standard;"5,04 Kg"
9818102;348086;25025014 YELMO OVIEDO LOS PRADOS;SP0010000380433;2025-10-23T02:39:00.000;2025-10-28T15:00:00.000;Entregado;"2.129,82 €";"194,51 €";"2.324,33 €";2025-10-28T15:00:00.000;2025-10-28T15:00:00.000;2025-10-28T15:00:00.000;Envío Standard;"1.032,49 Kg"
9812125;348086;25025014 YELMO OVIEDO LOS PRADOS;FUNKOS HALLOWEE;2025-10-20T14:17:00.000;2025-10-28T15:00:00.000;Entregado;"0,00 €";"0,00 €";"0,00 €";2025-10-28T15:00:00.000;2025-10-28T15:00:00.000;2025-10-28T15:00:00.000;Envío Standard;"4,40 Kg"
9801427;348086;25025014 YELMO OVIEDO LOS PRADOS;SP0010000379127;2025-10-15T02:38:00.000;;Anulado;"240,05 €";"9,60 €";"249,65 €";2025-10-21T15:00:00.000;2025-10-21T15:00:00.000;;Envío Standard;"200,75 Kg"
9801428;348086;25025014 YELMO OVIEDO LOS PRADOS;SP0010000379128;2025-10-15T02:38:00.000;;Anulado;"0,00 €";"0,00 €";"0,00 €";2025-10-21T15:00:00.000;2025-10-21T15:00:00.000;;Envío Standard;"0,00 Kg"
9792949;348086;25025014 YELMO OVIEDO LOS PRADOS;101025;2025-10-10T11:12:00.000;2025-10-14T15:00:00.000;Entregado;"241,10 €";"9,64 €";"250,74 €";2025-10-14T15:00:00.000;2025-10-14T15:00:00.000;2025-10-14T15:00:00.000;Envío Standard;"200,75 Kg"
9789782;348086;25025014 YELMO OVIEDO LOS PRADOS;VASOS Y DIADEMA;2025-10-09T09:20:00.000;2025-10-14T15:00:00.000;Entregado;"105,96 €";"22,25 €";"128,21 €";2025-10-14T15:00:00.000;2025-10-14T15:00:00.000;2025-10-14T15:00:00.000;Envío Standard;"7,20 Kg"
9774183;348086;25025014 YELMO OVIEDO LOS PRADOS;SP0010000375957;2025-10-02T02:18:00.000;2025-10-07T15:00:00.000;Entregado;"1.674,96 €";"176,85 €";"1.851,81 €";2025-10-07T15:00:00.000;2025-10-07T15:00:00.000;2025-10-07T15:00:00.000;Envío Standard;"601,88 Kg"
9769694;348086;25025014 YELMO OVIEDO LOS PRADOS;TRON Y REGRESO;2025-09-30T09:05:00.000;2025-10-07T15:00:00.000;Entregado;"0,00 €";"0,00 €";"0,00 €";2025-10-07T15:00:00.000;2025-10-07T15:00:00.000;2025-10-07T15:00:00.000;Envío Standard;"7,35 Kg"
9762379;348086;25025014 YELMO OVIEDO LOS PRADOS;CONGUITOS;2025-09-25T19:58:00.000;2025-10-07T15:00:00.000;Entregado;"0,00 €";"0,00 €";"0,00 €";2025-10-07T15:00:00.000;2025-10-07T15:00:00.000;2025-10-07T15:00:00.000;Envío Standard;"1,00 Kg"
9745869;348086;25025014 YELMO OVIEDO LOS PRADOS;SP0010000373611;2025-09-18T02:26:00.000;2025-09-23T15:00:00.000;Entregado;"2.567,94 €";"305,24 €";"2.873,18 €";2025-09-23T15:00:00.000;2025-09-23T15:00:00.000;2025-09-23T15:00:00.000;Envío Standard;"708,83 Kg"
9728718;348086;25025014 YELMO OVIEDO LOS PRADOS;SP0010000373371;2025-09-10T02:32:00.000;;Anulado;"0,00 €";"0,00 €";"0,00 €";2025-09-16T15:00:00.000;2025-09-16T15:00:00.000;;Envío Standard;"0,00 Kg"
9716690;348086;25025014 YELMO OVIEDO LOS PRADOS;SP0010000371031;2025-09-04T02:20:00.000;2025-09-09T15:00:00.000;Entregado;"821,95 €";"89,06 €";"911,01 €";2025-09-09T15:00:00.000;2025-09-09T15:00:00.000;2025-09-09T15:00:00.000;Envío Standard;"224,25 Kg"
9712747;348086;25025014 YELMO OVIEDO LOS PRADOS;G. NOCHE.DEMON;2025-09-02T12:23:00.000;2025-09-09T15:00:00.000;Entregado;"90,61 €";"19,03 €";"109,64 €";2025-09-09T15:00:00.000;2025-09-09T15:00:00.000;2025-09-09T15:00:00.000;Envío Standard;"2,55 Kg"
9700039;348086;25025014 YELMO OVIEDO LOS PRADOS;SP0010000370775;2025-08-27T02:17:00.000;2025-09-02T15:00:00.000;Entregado;"1.770,51 €";"212,03 €";"1.982,54 €";2025-09-02T15:00:00.000;2025-09-02T15:00:00.000;2025-09-02T15:00:00.000;Envío Standard;"584,67 Kg"
9671720;348086;25025014 YELMO OVIEDO LOS PRADOS;SP0010000369904;2025-08-13T02:20:00.000;2025-08-19T15:00:00.000;Entregado;"2.017,02 €";"270,03 €";"2.287,05 €";2025-08-19T15:00:00.000;2025-08-19T15:00:00.000;2025-08-19T15:00:00.000;Envío Standard;"636,60 Kg"
9657257;348086;25025014 YELMO OVIEDO LOS PRADOS;HARIBO BALLA ST;2025-08-06T11:13:00.000;2025-08-19T15:00:00.000;Entregado;"0,00 €";"0,00 €";"0,00 €";2025-08-19T15:00:00.000;2025-08-19T15:00:00.000;2025-08-19T15:00:00.000;Envío Standard;"5,10 Kg"
9656538;348086;25025014 YELMO OVIEDO LOS PRADOS;SP0010000366432;2025-08-06T02:10:00.000;;Anulado;"175,60 €";"36,88 €";"212,48 €";2025-08-12T15:00:00.000;2025-08-12T15:00:00.000;;Envío Standard;"39,70 Kg"
9648495;348086;25025014 YELMO OVIEDO LOS PRADOS;MISTERY BOX;2025-08-01T12:52:00.000;2025-08-05T15:00:00.000;Entregado;"44,01 €";"9,24 €";"53,25 €";2025-08-05T15:00:00.000;2025-08-05T15:00:00.000;2025-08-05T15:00:00.000;Envío Standard;"13,45 Kg"
9643942;348086;25025014 YELMO OVIEDO LOS PRADOS;SP0010000366033;2025-07-31T02:18:00.000;2025-08-05T15:00:00.000;Entregado;"2.531,14 €";"296,20 €";"2.827,34 €";2025-08-05T15:00:00.000;2025-08-05T15:00:00.000;2025-08-05T15:00:00.000;Envío Standard;"629,43 Kg"
9615404;348086;25025014 YELMO OVIEDO LOS PRADOS;SP0010000365358;2025-07-17T02:14:00.000;2025-07-22T15:00:00.000;Entregado;"864,86 €";"106,72 €";"971,58 €";2025-07-22T15:00:00.000;2025-07-22T15:00:00.000;2025-07-22T15:00:00.000;Envío Standard;"238,67 Kg"
9612730;348086;25025014 YELMO OVIEDO LOS PRADOS;SP0010000365304;2025-07-16T02:05:00.000;;Anulado;"43,27 €";"9,09 €";"52,36 €";2025-07-22T15:00:00.000;2025-07-22T15:00:00.000;;Envío Standard;"8,80 Kg"
9610923;348086;25025014 YELMO OVIEDO LOS PRADOS;CUBO 4 FANTASTI;2025-07-15T11:17:00.000;2025-07-22T15:00:00.000;Entregado;"0,00 €";"0,00 €";"0,00 €";2025-07-22T15:00:00.000;2025-07-22T15:00:00.000;2025-07-22T15:00:00.000;Envío Standard;"27,75 Kg"
9601493;348086;25025014 YELMO OVIEDO LOS PRADOS;KARATE KID;2025-07-10T12:05:00.000;2025-07-15T15:00:00.000;Entregado;"0,00 €";"0,00 €";"0,00 €";2025-07-15T15:00:00.000;2025-07-15T15:00:00.000;2025-07-15T15:00:00.000;Envío Standard;"14,10 Kg"
9597527;348086;25025014 YELMO OVIEDO LOS PRADOS;SP0010000364017;2025-07-09T02:20:00.000;;Anulado;"0,00 €";"0,00 €";"0,00 €";2025-07-15T15:00:00.000;2025-07-15T15:00:00.000;;Envío Standard;"0,00 Kg"
9597528;348086;25025014 YELMO OVIEDO LOS PRADOS;SP0010000364019;2025-07-09T02:20:00.000;2025-07-15T15:00:00.000;Entregado;"2.148,76 €";"284,87 €";"2.433,63 €";2025-07-15T15:00:00.000;2025-07-15T15:00:00.000;2025-07-15T15:00:00.000;Envío Standard;"659,07 Kg"
9592592;348086;25025014 YELMO OVIEDO LOS PRADOS;DIV.PALOM.PITUF;2025-07-07T11:37:00.000;2025-07-15T15:00:00.000;Entregado;"38,63 €";"8,11 €";"46,74 €";2025-07-15T15:00:00.000;2025-07-15T15:00:00.000;2025-07-15T15:00:00.000;Envío Standard;"6,15 Kg"
9589895;348086;25025014 YELMO OVIEDO LOS PRADOS;SP0010000363239;2025-07-06T02:09:00.000;;Anulado;"0,00 €";"0,00 €";"0,00 €";;;;Envío Standard;"0,00 Kg"
9588007;348086;25025014 YELMO OVIEDO LOS PRADOS;SP0010000363155;2025-07-04T02:10:00.000;2025-07-08T15:00:00.000;Entregado;"515,47 €";"36,57 €";"552,04 €";2025-07-08T15:00:00.000;2025-07-08T15:00:00.000;2025-07-08T15:00:00.000;Envío Standard;"332,38 Kg"
9585600;348086;25025014 YELMO OVIEDO LOS PRADOS;PELUCHE JURASSI;2025-07-03T09:37:00.000;2025-07-07T00:01:00.000;Entregado;"327,54 €";"68,78 €";"396,32 €";2025-07-07T00:00:00.000;2025-07-07T00:00:00.000;2025-07-07T00:01:00.000;Envío Standard;"7,60 Kg"
9574584;348086;25025014 YELMO OVIEDO LOS PRADOS;CUBOS SUPERMAN;2025-06-27T16:32:00.000;2025-07-08T15:00:00.000;Entregado;"0,00 €";"0,00 €";"0,00 €";2025-07-08T15:00:00.000;2025-07-08T15:00:00.000;2025-07-08T15:00:00.000;Envío Standard;"39,60 Kg"
9574518;348086;25025014 YELMO OVIEDO LOS PRADOS;PELUCHES PITUFO;2025-06-27T16:23:00.000;2025-07-08T15:00:00.000;Entregado;"114,51 €";"24,05 €";"138,56 €";2025-07-08T15:00:00.000;2025-07-08T15:00:00.000;2025-07-08T15:00:00.000;Envío Standard;"3,70 Kg"
9567664;348086;25025014 YELMO OVIEDO LOS PRADOS;SP0010000361151;2025-06-25T02:14:00.000;;Anulado;"0,00 €";"0,00 €";"0,00 €";2025-07-01T15:00:00.000;2025-07-01T15:00:00.000;;Envío Standard;"0,00 Kg"
9567665;348086;25025014 YELMO OVIEDO LOS PRADOS;SP0010000361152;2025-06-25T02:14:00.000;;Anulado;"40,82 €";"4,08 €";"44,90 €";2025-07-01T15:00:00.000;2025-07-01T15:00:00.000;;Envío Standard;"4,70 Kg"
9555953;348086;25025014 YELMO OVIEDO LOS PRADOS;SP0010000360869;2025-06-19T02:10:00.000;2025-06-24T15:00:00.000;Entregado;"2.563,10 €";"328,58 €";"2.891,68 €";2025-06-24T15:00:00.000;2025-06-24T15:00:00.000;2025-06-24T15:00:00.000;Envío Standard;"512,20 Kg"
9553572;348086;25025014 YELMO OVIEDO LOS PRADOS;SP0010000360732;2025-06-18T02:09:00.000;;Anulado;"409,45 €";"20,27 €";"429,72 €";2025-06-24T15:00:00.000;2025-06-24T15:00:00.000;;Envío Standard;"307,49 Kg"
9553573;348086;25025014 YELMO OVIEDO LOS PRADOS;SP0010000360733;2025-06-18T02:09:00.000;;Anulado;"0,00 €";"0,00 €";"0,00 €";2025-06-24T15:00:00.000;2025-06-24T15:00:00.000;;Envío Standard;"0,00 Kg"
9551713;348086;25025014 YELMO OVIEDO LOS PRADOS;CUBO JURASIC;2025-06-17T10:38:00.000;2025-06-24T15:00:00.000;Entregado;"170,93 €";"35,90 €";"206,83 €";2025-06-24T15:00:00.000;2025-06-24T15:00:00.000;2025-06-24T15:00:00.000;Envío Standard;"13,90 Kg"
9551144;348086;25025014 YELMO OVIEDO LOS PRADOS;TARTA GOMINOL;2025-06-17T08:17:00.000;2025-06-24T15:00:00.000;Entregado;"40,82 €";"4,08 €";"44,90 €";2025-06-24T15:00:00.000;2025-06-24T15:00:00.000;2025-06-24T15:00:00.000;Envío Standard;"4,70 Kg"
9545742;348086;25025014 YELMO OVIEDO LOS PRADOS;130625;2025-06-13T13:50:00.000;2025-06-17T15:00:00.000;Entregado;"518,23 €";"31,01 €";"549,24 €";2025-06-17T15:00:00.000;2025-06-17T15:00:00.000;2025-06-17T15:00:00.000;Envío Standard;"319,96 Kg"
9537713;348086;25025014 YELMO OVIEDO LOS PRADOS;PELUCHE DRAGON;2025-06-10T12:23:00.000;2025-06-17T15:00:00.000;Entregado;"261,42 €";"54,90 €";"316,32 €";2025-06-17T15:00:00.000;2025-06-17T15:00:00.000;2025-06-17T15:00:00.000;Envío Standard;"5,70 Kg"
9524831;348086;25025014 YELMO OVIEDO LOS PRADOS;SP0010000357605;2025-06-04T02:03:00.000;;Anulado;"0,00 €";"0,00 €";"0,00 €";2025-06-10T15:00:00.000;2025-06-10T15:00:00.000;;Envío Standard;"0,00 Kg"
9524832;348086;25025014 YELMO OVIEDO LOS PRADOS;SP0010000357608;2025-06-04T02:03:00.000;2025-06-10T15:00:00.000;Entregado;"2.897,09 €";"330,19 €";"3.227,28 €";2025-06-10T15:00:00.000;2025-06-10T15:00:00.000;2025-06-10T15:00:00.000;Envío Standard;"1.000,22 Kg"
9511989;348086;25025014 YELMO OVIEDO LOS PRADOS;BANDEJAS;2025-05-28T14:54:00.000;2025-06-03T15:00:00.000;Entregado;"0,00 €";"0,00 €";"0,00 €";2025-06-03T15:00:00.000;2025-06-03T15:00:00.000;2025-06-03T15:00:00.000;Envío Standard;"438,00 Kg"
9511059;348086;25025014 YELMO OVIEDO LOS PRADOS;PEL.DRAGON;2025-05-28T10:49:00.000;2025-06-03T15:00:00.000;Entregado;"374,76 €";"78,70 €";"453,46 €";2025-06-03T15:00:00.000;2025-06-03T15:00:00.000;2025-06-03T15:00:00.000;Envío Standard;"11,80 Kg"
9496855;348086;25025014 YELMO OVIEDO LOS PRADOS;SP0010000355405;2025-05-21T01:59:00.000;;Anulado;"43,27 €";"9,09 €";"52,36 €";2025-05-27T15:00:00.000;2025-05-27T15:00:00.000;;Envío Standard;"8,80 Kg"
9496856;348086;25025014 YELMO OVIEDO LOS PRADOS;SP0010000355408;2025-05-21T01:59:00.000;;Anulado;"333,18 €";"69,97 €";"403,15 €";2025-05-27T15:00:00.000;2025-05-27T15:00:00.000;;Envío Standard;"12,05 Kg"
9485121;348086;25025014 YELMO OVIEDO LOS PRADOS;SP0010000354944;2025-05-15T02:04:00.000;2025-05-20T15:00:00.000;Entregado;"6.154,07 €";"738,23 €";"6.892,30 €";2025-05-20T15:00:00.000;2025-05-20T15:00:00.000;2025-05-20T15:00:00.000;Envío Standard;"1.782,82 Kg"
9483624;348086;25025014 YELMO OVIEDO LOS PRADOS;VASO STICH;2025-05-14T12:59:00.000;2025-05-20T15:00:00.000;Entregado;"0,00 €";"0,00 €";"0,00 €";2025-05-20T15:00:00.000;2025-05-20T15:00:00.000;2025-05-20T15:00:00.000;Envío Standard;"16,50 Kg"
9477540;348086;25025014 YELMO OVIEDO LOS PRADOS;STICH;2025-05-12T08:45:00.000;2025-05-20T15:00:00.000;Entregado;"895,84 €";"188,13 €";"1.083,97 €";2025-05-20T15:00:00.000;2025-05-20T15:00:00.000;2025-05-20T15:00:00.000;Envío Standard;"40,60 Kg"
9459788;348086;25025014 YELMO OVIEDO LOS PRADOS;SP0010000351289;2025-05-02T01:46:00.000;2025-05-06T15:00:00.000;Entregado;"1.305,10 €";"143,42 €";"1.448,52 €";2025-05-06T15:00:00.000;2025-05-06T15:00:00.000;2025-05-06T15:00:00.000;Envío Standard;"353,97 Kg"
9413956;348086;25025014 YELMO OVIEDO LOS PRADOS;SP0010000349127;2025-04-10T01:53:00.000;2025-04-15T15:00:00.000;Entregado;"3.585,92 €";"387,21 €";"3.973,13 €";2025-04-15T15:00:00.000;2025-04-15T15:00:00.000;2025-04-15T15:00:00.000;Envío Standard;"1.184,60 Kg"
9397346;348086;25025014 YELMO OVIEDO LOS PRADOS;SP0010000347342;2025-04-02T01:46:00.000;;Anulado;"371,79 €";"52,18 €";"423,97 €";2025-04-08T15:00:00.000;2025-04-08T15:00:00.000;;Envío Standard;"49,82 Kg"
9397347;348086;25025014 YELMO OVIEDO LOS PRADOS;SP0010000347344;2025-04-02T01:46:00.000;;Anulado;"0,00 €";"0,00 €";"0,00 €";2025-04-08T15:00:00.000;2025-04-08T15:00:00.000;;Envío Standard;"0,00 Kg"
9383547;348086;25025014 YELMO OVIEDO LOS PRADOS;SP0010000345658;2025-03-26T00:46:00.000;2025-04-01T15:00:00.000;Entregado;"1.701,41 €";"222,96 €";"1.924,37 €";2025-04-01T15:00:00.000;2025-04-01T15:00:00.000;2025-04-01T15:00:00.000;Envío Standard;"516,48 Kg"
9382346;348086;25025014 YELMO OVIEDO LOS PRADOS;FUNKO BAKUGO/DE;2025-03-25T12:57:00.000;2025-04-01T15:00:00.000;Entregado;"0,00 €";"0,00 €";"0,00 €";2025-04-01T15:00:00.000;2025-04-01T15:00:00.000;2025-04-01T15:00:00.000;Envío Standard;"3,00 Kg"
9382380;348086;25025014 YELMO OVIEDO LOS PRADOS;FUNKO BAKUGO/DE;2025-03-25T12:57:00.000;2025-04-01T15:00:00.000;Entregado;"0,00 €";"0,00 €";"0,00 €";2025-04-01T15:00:00.000;2025-04-01T15:00:00.000;2025-04-01T15:00:00.000;Envío Standard;"3,00 Kg"
9379646;348086;25025014 YELMO OVIEDO LOS PRADOS;LIMPIEZA HORNO;2025-03-24T13:23:00.000;2025-04-01T15:00:00.000;Entregado;"332,27 €";"69,78 €";"402,05 €";2025-04-01T15:00:00.000;2025-04-01T15:00:00.000;2025-04-01T15:00:00.000;Envío Standard;"10,50 Kg"
9379536;348086;25025014 YELMO OVIEDO LOS PRADOS;ALIMENT.HORNOS;2025-03-24T13:04:00.000;2025-04-01T15:00:00.000;Entregado;"400,54 €";"55,05 €";"455,59 €";2025-04-01T15:00:00.000;2025-04-01T15:00:00.000;2025-04-01T15:00:00.000;Envío Standard;"60,22 Kg"
9373835;348086;25025014 YELMO OVIEDO LOS PRADOS;TAZA MINECRAFT;2025-03-20T15:03:00.000;2025-04-01T15:00:00.000;Entregado;"265,44 €";"55,74 €";"321,18 €";2025-04-01T15:00:00.000;2025-04-01T15:00:00.000;2025-04-01T15:00:00.000;Envío Standard;"11,20 Kg"
9371864;348086;25025014 YELMO OVIEDO LOS PRADOS;SP0010000345395;2025-03-20T00:46:00.000;;Anulado;"0,00 €";"0,00 €";"0,00 €";2025-03-25T15:00:00.000;2025-03-25T15:00:00.000;;Envío Standard;"0,00 Kg"
9358112;348086;25025014 YELMO OVIEDO LOS PRADOS;SP0010000344092;2025-03-13T02:30:00.000;;Anulado;"3.065,48 €";"455,09 €";"3.520,57 €";2025-03-18T15:00:00.000;2025-03-18T15:00:00.000;;Envío Standard;"771,14 Kg"
9355971;348086;25025014 YELMO OVIEDO LOS PRADOS;SP0010000343587;2025-03-12T02:31:00.000;2025-03-18T15:00:00.000;Entregado;"2.805,86 €";"333,72 €";"3.139,58 €";2025-03-18T15:00:00.000;2025-03-18T15:00:00.000;2025-03-18T15:00:00.000;Envío Standard;"945,71 Kg"
9354561;348086;25025014 YELMO OVIEDO LOS PRADOS;BLANCANIEVES;2025-03-11T12:34:00.000;2025-03-18T15:00:00.000;Entregado;"0,00 €";"0,00 €";"0,00 €";2025-03-18T15:00:00.000;2025-03-18T15:00:00.000;2025-03-18T15:00:00.000;Envío Standard;"6,00 Kg"
9354018;348086;25025014 YELMO OVIEDO LOS PRADOS;VASO MANZANA;2025-03-11T09:30:00.000;2025-03-18T15:00:00.000;Entregado;"158,96 €";"33,38 €";"192,34 €";2025-03-18T15:00:00.000;2025-03-18T15:00:00.000;2025-03-18T15:00:00.000;Envío Standard;"7,90 Kg"
9314990;348086;25025014 YELMO OVIEDO LOS PRADOS;SP0010000339306;2025-02-19T01:54:00.000;2025-02-25T15:00:00.000;Entregado;"2.957,85 €";"321,58 €";"3.279,43 €";2025-02-25T15:00:00.000;2025-02-25T15:00:00.000;2025-02-25T15:00:00.000;Envío Standard;"886,72 Kg"
9306635;348086;25025014 YELMO OVIEDO LOS PRADOS;SP0010000338860;2025-02-14T01:55:00.000;;Anulado;"0,00 €";"0,00 €";"0,00 €";2025-02-18T15:00:00.000;2025-02-18T15:00:00.000;;Envío Standard;"0,00 Kg"
9301679;348086;25025014 YELMO OVIEDO LOS PRADOS;SP0010000338062;2025-02-12T01:54:00.000;;Anulado;"364,80 €";"22,31 €";"387,11 €";2025-02-18T15:00:00.000;2025-02-18T15:00:00.000;;Envío Standard;"220,75 Kg"
9301680;348086;25025014 YELMO OVIEDO LOS PRADOS;SP0010000338068;2025-02-12T01:54:00.000;;Anulado;"0,00 €";"0,00 €";"0,00 €";2025-02-18T15:00:00.000;2025-02-18T15:00:00.000;;Envío Standard;"0,00 Kg"
9299347;348086;25025014 YELMO OVIEDO LOS PRADOS;SP0010000337562;2025-02-11T01:53:00.000;;Anulado;"49,83 €";"4,98 €";"54,81 €";2025-02-18T15:00:00.000;2025-02-18T15:00:00.000;;Envío Standard;"5,75 Kg"
9294482;348086;25025014 YELMO OVIEDO LOS PRADOS;070225;2025-02-07T14:25:00.000;2025-02-11T15:00:00.000;Entregado;"299,45 €";"19,70 €";"319,15 €";2025-02-11T15:00:00.000;2025-02-11T15:00:00.000;2025-02-11T15:00:00.000;Envío Standard;"220,00 Kg"
9293816;348086;25025014 YELMO OVIEDO LOS PRADOS;CORAZON;2025-02-07T10:14:00.000;2025-02-11T15:00:00.000;Entregado;"15,26 €";"1,53 €";"16,79 €";2025-02-11T15:00:00.000;2025-02-11T15:00:00.000;2025-02-11T15:00:00.000;Envío Standard;"1,10 Kg"
9292133;348086;25025014 YELMO OVIEDO LOS PRADOS;CORAZON;2025-02-06T14:57:00.000;2025-02-11T15:00:00.000;Entregado;"0,00 €";"0,00 €";"0,00 €";2025-02-11T15:00:00.000;2025-02-11T15:00:00.000;2025-02-11T15:00:00.000;Envío Standard;"1,00 Kg"
9272452;348086;25025014 YELMO OVIEDO LOS PRADOS;SP0010000334529;2025-01-28T01:44:00.000;2025-02-04T15:00:00.000;Entregado;"1.308,27 €";"157,63 €";"1.465,90 €";2025-02-04T15:00:00.000;2025-02-04T15:00:00.000;2025-02-04T15:00:00.000;Envío Standard;"461,78 Kg"
9267631;348086;25025014 YELMO OVIEDO LOS PRADOS;CAPITAN AMERICA;2025-01-24T14:23:00.000;2025-02-04T15:00:00.000;Entregado;"0,00 €";"0,00 €";"0,00 €";2025-02-04T15:00:00.000;2025-02-04T15:00:00.000;2025-02-04T15:00:00.000;Envío Standard;"28,40 Kg"
9261564;348086;25025014 YELMO OVIEDO LOS PRADOS;334980;2025-01-22T07:05:00.000;;Anulado;"0,00 €";"0,00 €";"0,00 €";2025-01-28T15:00:00.000;2025-01-28T15:00:00.000;;Envío Standard;"1,00 Kg"
9261505;348086;25025014 YELMO OVIEDO LOS PRADOS;SP0010000334073;2025-01-22T01:47:00.000;;Anulado;"49,83 €";"4,98 €";"54,81 €";2025-01-28T15:00:00.000;2025-01-28T15:00:00.000;;Envío Standard;"5,75 Kg"
9250484;348086;25025014 YELMO OVIEDO LOS PRADOS;SP0010000332793;2025-01-16T01:42:00.000;2025-01-21T15:00:00.000;Entregado;"3.100,17 €";"474,19 €";"3.574,36 €";2025-01-21T15:00:00.000;2025-01-21T15:00:00.000;2025-01-21T15:00:00.000;Envío Standard;"783,64 Kg"
9249365;348086;25025014 YELMO OVIEDO LOS PRADOS;HELADOS;2025-01-15T14:53:00.000;2025-01-21T15:00:00.000;Entregado;"49,83 €";"4,98 €";"54,81 €";2025-01-21T15:00:00.000;2025-01-21T15:00:00.000;2025-01-21T15:00:00.000;Envío Standard;"5,75 Kg"
9207899;348086;25025014 YELMO OVIEDO LOS PRADOS;SP0010000329316;2024-12-24T01:31:00.000;;Anulado;"0,00 €";"0,00 €";"0,00 €";2024-12-31T15:00:00.000;2024-12-31T15:00:00.000;;Envío Standard;"0,00 Kg"
9195296;348086;25025014 YELMO OVIEDO LOS PRADOS;SP0010000328064;2024-12-18T01:31:00.000;;Anulado;"0,00 €";"0,00 €";"0,00 €";2024-12-24T15:00:00.000;2024-12-24T15:00:00.000;;Envío Standard;"0,00 Kg"
9195297;348086;25025014 YELMO OVIEDO LOS PRADOS;SP0010000328069;2024-12-18T01:31:00.000;2024-12-23T15:00:00.000;Entregado;"6.748,20 €";"695,37 €";"7.443,57 €";2024-12-23T15:00:00.000;2024-12-23T15:00:00.000;2024-12-23T15:00:00.000;Envío Standard;"2.025,38 Kg"
9190388;348086;25025014 YELMO OVIEDO LOS PRADOS;SONIC ESTUCHE;2024-12-16T10:53:00.000;2024-12-23T15:00:00.000;Entregado;"83,96 €";"17,63 €";"101,59 €";2024-12-23T15:00:00.000;2024-12-23T15:00:00.000;2024-12-23T15:00:00.000;Envío Standard;"28,50 Kg"
9181324;348086;25025014 YELMO OVIEDO LOS PRADOS;SP0010000327093;2024-12-11T01:29:00.000;;Anulado;"0,00 €";"0,00 €";"0,00 €";2024-12-17T15:00:00.000;2024-12-17T15:00:00.000;;Envío Standard;"0,00 Kg"
9181325;348086;25025014 YELMO OVIEDO LOS PRADOS;SP0010000327096;2024-12-11T01:29:00.000;;Anulado;"0,00 €";"0,00 €";"0,00 €";2024-12-17T15:00:00.000;2024-12-17T15:00:00.000;;Envío Standard;"0,00 Kg"
9179670;348086;25025014 YELMO OVIEDO LOS PRADOS;MUFASA REY;2024-12-10T10:35:00.000;2024-12-17T15:00:00.000;Entregado;"1.011,72 €";"212,46 €";"1.224,18 €";2024-12-17T15:00:00.000;2024-12-17T15:00:00.000;2024-12-17T15:00:00.000;Envío Standard;"22,40 Kg"
9170591;348086;25025014 YELMO OVIEDO LOS PRADOS;SP0010000325633;2024-12-05T01:36:00.000;2024-12-10T15:00:00.000;Entregado;"2.271,37 €";"202,78 €";"2.474,15 €";2024-12-10T15:00:00.000;2024-12-10T15:00:00.000;2024-12-10T15:00:00.000;Envío Standard;"796,72 Kg"
9165891;348086;25025014 YELMO OVIEDO LOS PRADOS;MUFASA VASO;2024-12-03T08:02:00.000;2024-12-10T15:00:00.000;Entregado;"430,42 €";"90,39 €";"520,81 €";2024-12-10T15:00:00.000;2024-12-10T15:00:00.000;2024-12-10T15:00:00.000;Envío Standard;"15,80 Kg"
9165769;348086;25025014 YELMO OVIEDO LOS PRADOS;SONIC 3;2024-12-03T07:47:00.000;2024-12-10T15:00:00.000;Entregado;"168,75 €";"35,44 €";"204,19 €";2024-12-10T15:00:00.000;2024-12-10T15:00:00.000;2024-12-10T15:00:00.000;Envío Standard;"5,25 Kg"
9165820;348086;25025014 YELMO OVIEDO LOS PRADOS;SONIC 3;2024-12-03T07:47:00.000;2024-12-10T15:00:00.000;Entregado;"167,72 €";"35,22 €";"202,94 €";2024-12-10T15:00:00.000;2024-12-10T15:00:00.000;2024-12-10T15:00:00.000;Envío Standard;"5,85 Kg"
9147525;348086;25025014 YELMO OVIEDO LOS PRADOS;FUNKO M.JACKSO;2024-11-22T19:35:00.000;2024-12-10T15:00:00.000;Entregado;"0,00 €";"0,00 €";"0,00 €";2024-12-10T15:00:00.000;2024-12-10T15:00:00.000;2024-12-10T15:00:00.000;Envío Standard;"6,00 Kg"
9146146;348086;25025014 YELMO OVIEDO LOS PRADOS;SP0010000323453;2024-11-22T03:47:00.000;2024-11-26T15:00:00.000;Entregado;"3.546,49 €";"416,86 €";"3.963,35 €";2024-11-26T15:00:00.000;2024-11-26T15:00:00.000;2024-11-26T15:00:00.000;Envío Standard;"1.109,08 Kg"
9130100;348086;25025014 YELMO OVIEDO LOS PRADOS;SP0010000320042;2024-11-14T01:36:00.000;2024-11-19T15:00:00.000;Entregado;"3.423,57 €";"365,37 €";"3.788,94 €";2024-11-19T15:00:00.000;2024-11-19T15:00:00.000;2024-11-19T15:00:00.000;Envío Standard;"1.080,18 Kg"
9120791;348086;25025014 YELMO OVIEDO LOS PRADOS;GLADIATOR II;2024-11-08T18:48:00.000;;Entregado;"0,00 €";"0,00 €";"0,00 €";2024-11-15T00:00:00.000;2024-11-15T00:00:00.000;;Envío Standard;"28,60 Kg"
9120824;348086;25025014 YELMO OVIEDO LOS PRADOS;WICKED-VAIANA;2024-11-08T18:48:00.000;2024-11-19T15:00:00.000;Entregado;"1.105,78 €";"232,21 €";"1.337,99 €";2024-11-19T15:00:00.000;2024-11-19T15:00:00.000;2024-11-19T15:00:00.000;Envío Standard;"55,50 Kg"
9106165;348086;25025014 YELMO OVIEDO LOS PRADOS;SP0010000318255;2024-11-01T01:40:00.000;2024-11-05T15:00:00.000;Entregado;"2.130,43 €";"224,35 €";"2.354,78 €";2024-11-05T15:00:00.000;2024-11-05T15:00:00.000;2024-11-05T15:00:00.000;Envío Standard;"764,18 Kg"
9074037;348086;25025014 YELMO OVIEDO LOS PRADOS;SP0010000316542;2024-10-16T02:37:00.000;;Anulado;"147,41 €";"30,96 €";"178,37 €";2024-10-22T15:00:00.000;2024-10-22T15:00:00.000;;Envío Standard;"9,50 Kg"
9074038;348086;25025014 YELMO OVIEDO LOS PRADOS;SP0010000316545;2024-10-16T02:37:00.000;2024-10-22T15:00:00.000;Entregado;"2.589,49 €";"260,09 €";"2.849,58 €";2024-10-22T15:00:00.000;2024-10-22T15:00:00.000;2024-10-22T15:00:00.000;Envío Standard;"805,14 Kg"
9069292;348086;25025014 YELMO OVIEDO LOS PRADOS;VASO VENOM;2024-10-14T10:58:00.000;2024-10-22T15:00:00.000;Entregado;"0,00 €";"0,00 €";"0,00 €";2024-10-22T15:00:00.000;2024-10-22T15:00:00.000;2024-10-22T15:00:00.000;Envío Standard;"25,65 Kg"
9052499;348086;25025014 YELMO OVIEDO LOS PRADOS;FUNK ANILLOS;2024-10-04T19:40:00.000;2024-10-15T15:00:00.000;Entregado;"0,00 €";"0,00 €";"0,00 €";2024-10-15T15:00:00.000;2024-10-15T15:00:00.000;2024-10-15T15:00:00.000;Envío Standard;"3,45 Kg"
9052441;348086;25025014 YELMO OVIEDO LOS PRADOS;FUNK HALLOWEE;2024-10-04T19:22:00.000;2024-10-15T15:00:00.000;Entregado;"0,00 €";"0,00 €";"0,00 €";2024-10-15T15:00:00.000;2024-10-15T15:00:00.000;2024-10-15T15:00:00.000;Envío Standard;"3,65 Kg"
9046678;348086;25025014 YELMO OVIEDO LOS PRADOS;PELUCHES;2024-10-02T12:40:00.000;2024-10-15T15:00:00.000;Entregado;"0,00 €";"0,00 €";"0,00 €";2024-10-15T15:00:00.000;2024-10-15T15:00:00.000;2024-10-15T15:00:00.000;Envío Standard;"1,00 Kg"
9045687;348086;25025014 YELMO OVIEDO LOS PRADOS;SP0010000312896;2024-10-02T02:28:00.000;;Anulado;"58,78 €";"12,34 €";"71,12 €";2024-10-08T15:00:00.000;2024-10-08T15:00:00.000;;Envío Standard;"13,25 Kg"
9034146;348086;25025014 YELMO OVIEDO LOS PRADOS;SP0010000312567;2024-09-26T02:28:00.000;2024-10-01T15:00:00.000;Entregado;"1.518,54 €";"130,62 €";"1.649,16 €";2024-10-01T15:00:00.000;2024-10-01T15:00:00.000;2024-10-01T15:00:00.000;Envío Standard;"517,78 Kg"
9028249;348086;25025014 YELMO OVIEDO LOS PRADOS;VASOS;2024-09-23T14:27:00.000;2024-10-01T15:00:00.000;Entregado;"58,15 €";"12,21 €";"70,36 €";2024-10-01T15:00:00.000;2024-10-01T15:00:00.000;2024-10-01T15:00:00.000;Envío Standard;"13,25 Kg"
9009146;348086;25025014 YELMO OVIEDO LOS PRADOS;308575;2024-09-12T18:34:00.000;;Anulado;"0,00 €";"0,00 €";"0,00 €";2024-09-17T15:00:00.000;2024-09-17T15:00:00.000;;Envío Standard;"1,00 Kg"
9004656;348086;25025014 YELMO OVIEDO LOS PRADOS;SP0010000307794;2024-09-11T01:54:00.000;;Anulado;"331,04 €";"69,52 €";"400,56 €";2024-09-17T15:00:00.000;2024-09-17T15:00:00.000;;Envío Standard;"39,00 Kg"
8990462;348086;25025014 YELMO OVIEDO LOS PRADOS;SP0010000307507;2024-09-04T02:24:00.000;2024-09-10T15:00:00.000;Entregado;"2.402,37 €";"222,64 €";"2.625,01 €";2024-09-10T15:00:00.000;2024-09-10T15:00:00.000;2024-09-10T15:00:00.000;Envío Standard;"799,78 Kg"
8981045;348086;25025014 YELMO OVIEDO LOS PRADOS;VASO CARTËN;2024-08-29T18:48:00.000;2024-09-10T15:00:00.000;Entregado;"331,04 €";"69,52 €";"400,56 €";2024-09-10T15:00:00.000;2024-09-10T15:00:00.000;2024-09-10T15:00:00.000;Envío Standard;"39,00 Kg"
8976452;348086;25025014 YELMO OVIEDO LOS PRADOS;SP0010000307149;2024-08-28T02:21:00.000;;Anulado;"156,55 €";"15,66 €";"172,21 €";2024-09-03T15:00:00.000;2024-09-03T15:00:00.000;;Envío Standard;"22,85 Kg"
8966917;348086;25025014 YELMO OVIEDO LOS PRADOS;S.DORITOS;2024-08-22T17:04:00.000;2024-08-27T15:00:00.000;Entregado;"187,03 €";"22,06 €";"209,09 €";2024-08-27T15:00:00.000;2024-08-27T15:00:00.000;2024-08-27T15:00:00.000;Envío Standard;"24,60 Kg"
8962628;348086;25025014 YELMO OVIEDO LOS PRADOS;SP0010000305793;2024-08-21T02:17:00.000;2024-08-27T15:00:00.000;Entregado;"3.892,83 €";"427,99 €";"4.320,82 €";2024-08-27T15:00:00.000;2024-08-27T15:00:00.000;2024-08-27T15:00:00.000;Envío Standard;"1.240,75 Kg"
8940292;348086;25025014 YELMO OVIEDO LOS PRADOS;SP0010000303624;2024-08-09T02:16:00.000;2024-08-13T15:00:00.000;Entregado;"2.334,21 €";"244,31 €";"2.578,52 €";2024-08-13T15:00:00.000;2024-08-13T15:00:00.000;2024-08-13T15:00:00.000;Envío Standard;"831,58 Kg"
8934755;348086;25025014 YELMO OVIEDO LOS PRADOS;SP0010000303509;2024-08-07T02:13:00.000;;Anulado;"0,00 €";"0,00 €";"0,00 €";2024-08-13T15:00:00.000;2024-08-13T15:00:00.000;;Envío Standard;"0,00 Kg"
8919756;348086;25025014 YELMO OVIEDO LOS PRADOS;BORDERLAN;2024-07-30T20:05:00.000;2024-08-06T15:00:00.000;Entregado;"276,36 €";"58,04 €";"334,40 €";2024-08-06T15:00:00.000;2024-08-06T15:00:00.000;2024-08-06T15:00:00.000;Envío Standard;"23,50 Kg"
8905923;348086;25025014 YELMO OVIEDO LOS PRADOS;SP0010000302019;2024-07-24T02:19:00.000;2024-07-30T15:00:00.000;Entregado;"2.695,10 €";"248,61 €";"2.943,71 €";2024-07-30T15:00:00.000;2024-07-30T15:00:00.000;2024-07-30T15:00:00.000;Envío Standard;"944,50 Kg"
8900400;348086;25025014 YELMO OVIEDO LOS PRADOS;SENOR ANILLOS;2024-07-22T07:43:00.000;2024-07-30T15:00:00.000;Entregado;"0,00 €";"0,00 €";"0,00 €";2024-07-30T15:00:00.000;2024-07-30T15:00:00.000;2024-07-30T15:00:00.000;Envío Standard;"2,50 Kg"
8877540;348086;25025014 YELMO OVIEDO LOS PRADOS;SP0010000298588;2024-07-11T02:06:00.000;2024-07-16T15:00:00.000;Entregado;"2.847,09 €";"322,46 €";"3.169,55 €";2024-07-16T15:00:00.000;2024-07-16T15:00:00.000;2024-07-16T15:00:00.000;Envío Standard;"811,86 Kg"
8860439;348086;25025014 YELMO OVIEDO LOS PRADOS;SP0010000298123;2024-07-03T02:05:00.000;;Anulado;"101,92 €";"10,19 €";"112,11 €";2024-07-09T15:00:00.000;2024-07-09T15:00:00.000;;Envío Standard;"5,20 Kg"
8858088;348086;25025014 YELMO OVIEDO LOS PRADOS;DEADPOOL 3;2024-07-02T08:20:00.000;2024-07-16T15:00:00.000;Entregado;"0,00 €";"0,00 €";"0,00 €";2024-07-16T15:00:00.000;2024-07-16T15:00:00.000;2024-07-16T15:00:00.000;Envío Standard;"20,60 Kg"
8858138;348086;25025014 YELMO OVIEDO LOS PRADOS;DEADPOOL 3;2024-07-02T08:20:00.000;2024-07-16T15:00:00.000;Entregado;"0,00 €";"0,00 €";"0,00 €";2024-07-16T15:00:00.000;2024-07-16T15:00:00.000;2024-07-16T15:00:00.000;Envío Standard;"35,20 Kg"
8851252;348086;25025014 YELMO OVIEDO LOS PRADOS;SP0010000297869;2024-06-28T02:01:00.000;;Entregado;"1.429,82 €";"150,19 €";"1.580,01 €";2024-07-02T15:00:00.000;2024-07-02T15:00:00.000;;Envío Standard;"480,57 Kg"
8836779;348086;25025014 YELMO OVIEDO LOS PRADOS;SP0010000297408;2024-06-21T01:53:00.000;;Entregado;"3.135,80 €";"250,65 €";"3.386,45 €";2024-06-25T15:00:00.000;2024-06-25T15:00:00.000;;Envío Standard;"1.029,32 Kg"
8835174;348086;25025014 YELMO OVIEDO LOS PRADOS;MINIONS;2024-06-20T12:17:00.000;;Entregado;"101,92 €";"10,19 €";"112,11 €";2024-06-25T15:00:00.000;2024-06-25T15:00:00.000;;Envío Standard;"5,20 Kg"
8828249;348086;25025014 YELMO OVIEDO LOS PRADOS;MINIONS;2024-06-17T16:02:00.000;;Entregado;"1.112,27 €";"233,58 €";"1.345,85 €";2024-06-25T15:00:00.000;2024-06-25T15:00:00.000;;Envío Standard;"55,25 Kg"
8817775;348086;25025014 YELMO OVIEDO LOS PRADOS;SP0010000294718;2024-06-12T02:39:00.000;;Entregado;"884,75 €";"86,79 €";"971,54 €";2024-06-18T15:00:00.000;2024-06-18T15:00:00.000;;Envío Standard;"289,93 Kg"
8810991;348086;25025014 YELMO OVIEDO LOS PRADOS;SP0010000294563;2024-06-09T02:49:00.000;;Anulado;"0,00 €";"0,00 €";"0,00 €";;;;Envío Standard;"0,00 Kg"
8792744;348086;25025014 YELMO OVIEDO LOS PRADOS;SP0010000292562;2024-05-30T02:55:00.000;;Entregado;"1.970,60 €";"208,35 €";"2.178,95 €";2024-06-04T15:00:00.000;2024-06-04T15:00:00.000;;Envío Standard;"671,75 Kg"
8766279;348086;25025014 YELMO OVIEDO LOS PRADOS;SP0010000289599;2024-05-16T01:48:00.000;;Entregado;"705,54 €";"67,92 €";"773,46 €";2024-05-21T15:00:00.000;2024-05-21T15:00:00.000;;Envío Standard;"166,26 Kg"
8742373;348086;25025014 YELMO OVIEDO LOS PRADOS;SP0010000288662;2024-05-03T02:18:00.000;;Entregado;"2.371,98 €";"258,21 €";"2.630,19 €";2024-05-07T15:00:00.000;2024-05-07T15:00:00.000;;Envío Standard;"710,83 Kg"
8729394;348086;25025014 YELMO OVIEDO LOS PRADOS;SP0010000288094;2024-04-26T02:25:00.000;;Entregado;"950,01 €";"57,82 €";"1.007,83 €";2024-04-30T15:00:00.000;2024-04-30T15:00:00.000;;Envío Standard;"391,83 Kg"
8695274;348086;25025014 YELMO OVIEDO LOS PRADOS;PROMOC + BOLSA;2024-04-08T16:27:00.000;;Entregado;"0,00 €";"0,00 €";"0,00 €";2024-04-30T15:00:00.000;2024-04-30T15:00:00.000;;Envío Standard;"14,10 Kg"
8686973;348086;25025014 YELMO OVIEDO LOS PRADOS;SP0010000283213;2024-04-04T02:24:00.000;;Entregado;"1.991,39 €";"226,83 €";"2.218,22 €";2024-04-09T15:00:00.000;2024-04-09T15:00:00.000;;Envío Standard;"528,50 Kg"
8675169;348086;25025014 YELMO OVIEDO LOS PRADOS;SP0010000283059;2024-03-28T01:20:00.000;;Entregado;"927,96 €";"86,87 €";"1.014,83 €";2024-04-02T15:00:00.000;2024-04-02T15:00:00.000;;Envío Standard;"307,89 Kg"
8658627;348086;25025014 YELMO OVIEDO LOS PRADOS;SP0010000280982;2024-03-20T01:24:00.000;;Recibido;"0,00 €";"0,00 €";"0,00 €";2024-03-26T15:00:00.000;2024-03-26T15:00:00.000;;Envío Standard;"0,00 Kg"
8647779;348086;25025014 YELMO OVIEDO LOS PRADOS;SP0010000278840;2024-03-14T01:19:00.000;;Entregado;"3.774,90 €";"385,63 €";"4.160,53 €";2024-03-19T15:00:00.000;2024-03-19T15:00:00.000;;Envío Standard;"1.150,12 Kg"
8639006;348086;25025014 YELMO OVIEDO LOS PRADOS;SP0010000278682;2024-03-09T01:20:00.000;;Recibido;"1.667,66 €";"134,35 €";"1.802,01 €";2024-03-19T15:00:00.000;2024-03-19T15:00:00.000;;Envío Standard;"712,43 Kg"
8613643;348086;25025014 YELMO OVIEDO LOS PRADOS;SP0010000277441;2024-02-26T01:12:00.000;;Entregado;"1.739,91 €";"147,46 €";"1.887,37 €";2024-03-05T15:00:00.000;2024-03-05T15:00:00.000;;Envío Standard;"723,02 Kg"
8595893;348086;25025014 YELMO OVIEDO LOS PRADOS;SP0010000273578;2024-02-15T01:02:00.000;;Entregado;"2.293,57 €";"250,54 €";"2.544,11 €";2024-02-20T15:00:00.000;2024-02-20T15:00:00.000;;Envío Standard;"745,64 Kg"
8574588;348086;25025014 YELMO OVIEDO LOS PRADOS;SP0010000273172;2024-02-02T11:33:00.000;;Entregado;"1.617,42 €";"100,46 €";"1.717,88 €";2024-02-06T15:00:00.000;2024-02-06T15:00:00.000;;Envío Standard;"664,63 Kg"
8573744;348086;25025014 YELMO OVIEDO LOS PRADOS;SP0010000273172;2024-02-02T01:01:00.000;;Anulado;"1.471,92 €";"100,46 €";"1.572,38 €";;;;Envío Standard;"564,63 Kg"
8554837;348086;25025014 YELMO OVIEDO LOS PRADOS;SP0010000271551;2024-01-23T01:00:00.000;;Entregado;"2.423,86 €";"236,81 €";"2.660,67 €";2024-01-30T15:00:00.000;2024-01-30T15:00:00.000;;Envío Standard;"707,38 Kg"
8532630;348086;25025014 YELMO OVIEDO LOS PRADOS;SP0010000269527;2024-01-10T00:52:00.000;;Entregado;"1.232,34 €";"88,96 €";"1.321,30 €";2024-01-16T15:00:00.000;2024-01-16T15:00:00.000;;Envío Standard;"522,20 Kg"
8485151;348086;25025014 YELMO OVIEDO LOS PRADOS;SP0010000264045;2023-12-13T00:43:00.000;;Entregado;"4.020,67 €";"396,51 €";"4.417,18 €";2023-12-19T15:00:00.000;2023-12-19T15:00:00.000;;Envío Standard;"1.343,24 Kg"
8465186;348086;25025014 YELMO OVIEDO LOS PRADOS;SP0010000263591;2023-12-01T00:44:00.000;;Entregado;"2.811,31 €";"308,09 €";"3.119,40 €";2023-12-05T15:00:00.000;2023-12-05T15:00:00.000;;Envío Standard;"898,01 Kg"
8448661;348086;25025014 YELMO OVIEDO LOS PRADOS;SP0010000262218;2023-11-22T00:46:00.000;;Recibido;"371,96 €";"69,10 €";"441,06 €";2023-11-28T15:00:00.000;2023-11-28T15:00:00.000;;Envío Standard;"97,49 Kg"
8436819;348086;25025014 YELMO OVIEDO LOS PRADOS;SP0010000260343;2023-11-15T00:46:00.000;;Entregado;"1.706,12 €";"176,58 €";"1.882,70 €";2023-11-21T15:00:00.000;2023-11-21T15:00:00.000;;Envío Standard;"524,11 Kg"
8426643;348086;25025014 YELMO OVIEDO LOS PRADOS;SP0010000259849;2023-11-09T01:11:00.000;;Entregado;"3.269,01 €";"324,61 €";"3.593,62 €";2023-11-14T15:00:00.000;2023-11-14T15:00:00.000;;Envío Standard;"1.055,75 Kg"
8405216;348086;25025014 YELMO OVIEDO LOS PRADOS;SP0010000257590;2023-10-27T01:54:00.000;;Entregado;"1.585,38 €";"172,77 €";"1.758,15 €";2023-10-31T15:00:00.000;2023-10-31T15:00:00.000;;Envío Standard;"382,77 Kg"
8364734;348086;25025014 YELMO OVIEDO LOS PRADOS;SP0010000252938;2023-10-05T01:50:00.000;;Recibido;"0,00 €";"0,00 €";"0,00 €";2023-10-10T15:00:00.000;2023-10-10T15:00:00.000;;Envío Standard;"0,00 Kg"
8362723;348086;25025014 YELMO OVIEDO LOS PRADOS;SP0010000252920;2023-10-04T01:52:00.000;;Entregado;"1.486,98 €";"128,38 €";"1.615,36 €";2023-10-10T15:00:00.000;2023-10-10T15:00:00.000;;Envío Standard;"520,72 Kg"
8342752;348086;25025014 YELMO OVIEDO LOS PRADOS;SP0010000252108;2023-09-22T01:48:00.000;;Entregado;"2.836,16 €";"317,87 €";"3.154,03 €";2023-09-26T15:00:00.000;2023-09-26T15:00:00.000;;Envío Standard;"913,07 Kg"
8300497;348086;25025014 YELMO OVIEDO LOS PRADOS;SP0010000248385;2023-08-30T01:51:00.000;;Entregado;"1.459,74 €";"107,74 €";"1.567,48 €";2023-09-05T15:00:00.000;2023-09-05T15:00:00.000;;Envío Standard;"519,75 Kg"
8280857;348086;25025014 YELMO OVIEDO LOS PRADOS;SP0010000246359;2023-08-18T01:54:00.000;;Recibido;"0,00 €";"0,00 €";"0,00 €";2023-08-22T15:00:00.000;2023-08-22T15:00:00.000;;Envío Standard;"0,00 Kg"
8278287;348086;25025014 YELMO OVIEDO LOS PRADOS;SP0010000245085;2023-08-17T02:05:00.000;;Entregado;"2.532,48 €";"292,07 €";"2.824,55 €";2023-08-22T15:00:00.000;2023-08-22T15:00:00.000;;Envío Standard;"894,74 Kg"
8256290;348086;25025014 YELMO OVIEDO LOS PRADOS;SP0010000244468;2023-08-04T01:52:00.000;;Entregado;"3.874,55 €";"432,19 €";"4.306,74 €";2023-08-08T15:00:00.000;2023-08-08T15:00:00.000;;Envío Standard;"1.258,54 Kg"
8241042;348086;25025014 YELMO OVIEDO LOS PRADOS;SP0010000243291;2023-07-27T01:49:00.000;;Entregado;"3.710,07 €";"374,68 €";"4.084,75 €";2023-08-01T15:00:00.000;2023-08-01T15:00:00.000;;Envío Standard;"1.228,75 Kg"
8227716;348086;25025014 YELMO OVIEDO LOS PRADOS;SP0010000240057;2023-07-20T02:06:00.000;;Entregado;"1.526,88 €";"190,00 €";"1.716,88 €";2023-07-25T15:00:00.000;2023-07-25T15:00:00.000;;Envío Standard;"450,12 Kg"
8224903;348086;25025014 YELMO OVIEDO LOS PRADOS;SP0010000240004;2023-07-19T08:28:00.000;;Recibido;"235,56 €";"23,56 €";"259,12 €";2023-07-25T15:00:00.000;2023-07-25T15:00:00.000;;Envío Standard;"23,00 Kg"
8218339;348086;25025014 YELMO OVIEDO LOS PRADOS;SP0010000239927;2023-07-16T14:02:00.000;;Recibido;"1.580,98 €";"149,03 €";"1.730,01 €";;;;Envío Standard;"600,27 Kg"
8214115;348086;25025014 YELMO OVIEDO LOS PRADOS;SP0010000239864;2023-07-13T01:47:00.000;;Entregado;"322,20 €";"39,58 €";"361,78 €";2023-07-18T15:00:00.000;2023-07-18T15:00:00.000;;Envío Standard;"43,96 Kg"
8203721;348086;25025014 YELMO OVIEDO LOS PRADOS;SP0010000239650;2023-07-07T07:33:00.000;;Entregado;"1.580,43 €";"148,91 €";"1.729,34 €";2023-07-11T15:00:00.000;2023-07-11T15:00:00.000;;Envío Standard;"600,27 Kg"
8185818;348086;25025014 YELMO OVIEDO LOS PRADOS;SP0010000239359;2023-06-28T01:46:00.000;;Entregado;"659,83 €";"91,47 €";"751,30 €";2023-07-04T15:00:00.000;2023-07-04T15:00:00.000;;Envío Standard;"214,45 Kg"
8183534;348086;25025014 YELMO OVIEDO LOS PRADOS;SP0010000239286;2023-06-27T01:51:00.000;;Recibido;"0,00 €";"0,00 €";"0,00 €";2023-07-04T15:00:00.000;2023-07-04T15:00:00.000;;Envío Standard;"0,00 Kg"
8171162;348086;25025014 YELMO OVIEDO LOS PRADOS;SP0010000237693;2023-06-21T02:44:00.000;;Entregado;"2.261,72 €";"203,19 €";"2.464,91 €";2023-06-27T15:00:00.000;2023-06-27T15:00:00.000;;Envío Standard;"770,71 Kg"
8158847;348086;25025014 YELMO OVIEDO LOS PRADOS;SP0010000234897;2023-06-14T01:51:00.000;;Recibido;"0,00 €";"0,00 €";"0,00 €";2023-06-20T15:00:00.000;2023-06-20T15:00:00.000;;Envío Standard;"0,00 Kg"
8146425;348086;25025014 YELMO OVIEDO LOS PRADOS;SP0010000234569;2023-06-07T01:49:00.000;;Recibido;"133,94 €";"28,13 €";"162,07 €";2023-06-13T15:00:00.000;2023-06-13T15:00:00.000;;Envío Standard;"11,45 Kg"
8146426;348086;25025014 YELMO OVIEDO LOS PRADOS;SP0010000234572;2023-06-07T01:49:00.000;;Entregado;"1.448,81 €";"172,34 €";"1.621,15 €";2023-06-13T15:00:00.000;2023-06-13T15:00:00.000;;Envío Standard;"450,09 Kg"
8123154;348086;25025014 YELMO OVIEDO LOS PRADOS;SP0010000233717;2023-05-25T01:45:00.000;;Entregado;"1.866,29 €";"140,96 €";"2.007,25 €";2023-05-30T15:00:00.000;2023-05-30T15:00:00.000;;Envío Standard;"744,89 Kg"
8100857;348086;25025014 YELMO OVIEDO LOS PRADOS;SP0010000229570;2023-05-12T01:45:00.000;;Entregado;"2.549,20 €";"275,41 €";"2.824,61 €";2023-05-16T15:00:00.000;2023-05-16T15:00:00.000;;Envío Standard;"734,06 Kg"
8074334;348086;25025014 YELMO OVIEDO LOS PRADOS;SP0010000228988;2023-04-27T01:48:00.000;;Recibido;"1.559,16 €";"184,47 €";"1.743,63 €";2023-05-02T15:00:00.000;2023-05-02T15:00:00.000;;Envío Standard;"519,88 Kg"
8072318;348086;25025014 YELMO OVIEDO LOS PRADOS;SP0010000228908;2023-04-26T01:52:00.000;;Recibido;"1.507,19 €";"179,27 €";"1.686,46 €";2023-05-02T15:00:00.000;2023-05-02T15:00:00.000;;Envío Standard;"512,58 Kg"
8072319;348086;25025014 YELMO OVIEDO LOS PRADOS;SP0010000228912;2023-04-26T01:52:00.000;;Entregado;"3.013,22 €";"346,95 €";"3.360,17 €";2023-05-02T15:00:00.000;2023-05-02T15:00:00.000;;Envío Standard;"982,02 Kg"
8052620;348086;25025014 YELMO OVIEDO LOS PRADOS;SP0010000226144;2023-04-14T01:58:00.000;;Entregado;"1.518,63 €";"180,42 €";"1.699,05 €";2023-04-18T15:00:00.000;2023-04-18T15:00:00.000;;Envío Standard;"517,48 Kg"
8030155;348086;25025014 YELMO OVIEDO LOS PRADOS;HELADOS;2023-03-31T18:07:00.000;;Recibido;"52,98 €";"5,30 €";"58,28 €";;;;Envío Standard;"4,19 Kg"
8028616;348086;25025014 YELMO OVIEDO LOS PRADOS;SP0010000223922;2023-03-31T01:47:00.000;;Entregado;"2.339,47 €";"233,24 €";"2.572,71 €";2023-04-04T15:00:00.000;2023-04-04T15:00:00.000;;Envío Standard;"748,08 Kg"
8011845;348086;25025014 YELMO OVIEDO LOS PRADOS;SP0010000222292;2023-03-22T00:46:00.000;;Recibido;"0,00 €";"0,00 €";"0,00 €";2023-03-28T15:00:00.000;2023-03-28T15:00:00.000;;Envío Standard;"0,00 Kg"
8002032;348086;25025014 YELMO OVIEDO LOS PRADOS;SP0010000221769;2023-03-16T00:46:00.000;;Entregado;"2.161,21 €";"257,51 €";"2.418,72 €";2023-03-21T07:00:00.000;2023-03-21T14:00:00.000;;Envío Standard;"635,28 Kg"
7992742;348086;25025014 YELMO OVIEDO LOS PRADOS;SHAZAM/DRAG.MAZ;2023-03-10T08:28:00.000;;Entregado;"0,00 €";"0,00 €";"0,00 €";2023-03-14T15:00:00.000;2023-03-14T15:00:00.000;;Envío Standard;"1,00 Kg"
7978115;348086;25025014 YELMO OVIEDO LOS PRADOS;SP0010000219068;2023-03-02T00:49:00.000;;Entregado;"1.013,21 €";"93,13 €";"1.106,34 €";2023-03-07T15:00:00.000;2023-03-07T15:00:00.000;;Envío Standard;"279,12 Kg"
7964673;348086;25025014 YELMO OVIEDO LOS PRADOS;SP0010000218749;2023-02-22T00:45:00.000;;Recibido;"1.494,11 €";"148,87 €";"1.642,98 €";2023-02-28T15:00:00.000;2023-02-28T15:00:00.000;;Envío Standard;"563,15 Kg"
7955868;348086;25025014 YELMO OVIEDO LOS PRADOS;SP0010000218123;2023-02-16T12:40:00.000;;Entregado;"1.513,07 €";"150,77 €";"1.663,84 €";2023-02-21T15:00:00.000;2023-02-21T15:00:00.000;;Envío Standard;"563,15 Kg"
7931336;348086;25025014 YELMO OVIEDO LOS PRADOS;SP0010000215334;2023-02-02T01:57:00.000;;Entregado;"1.117,05 €";"104,60 €";"1.221,65 €";2023-02-07T15:00:00.000;2023-02-07T15:00:00.000;;Envío Standard;"392,12 Kg"
7913631;348086;25025014 YELMO OVIEDO LOS PRADOS;DISTRI ANTMAN;2023-01-23T09:40:00.000;;Recibido;"0,00 €";"0,00 €";"0,00 €";;;;Envío Standard;"0,00 Kg"
7906870;348086;25025014 YELMO OVIEDO LOS PRADOS;SP0010000209906;2023-01-18T13:16:00.000;;Entregado;"1.590,10 €";"125,52 €";"1.715,62 €";2023-01-24T15:00:00.000;2023-01-24T15:00:00.000;;Envío Standard;"524,35 Kg"
7883018;348086;25025014 YELMO OVIEDO LOS PRADOS;SP0010000209479;2023-01-04T12:44:00.000;;Entregado;"2.022,11 €";"188,27 €";"2.210,38 €";2023-01-10T15:00:00.000;2023-01-10T15:00:00.000;;Envío Standard;"601,91 Kg"
7859044;348086;25025014 YELMO OVIEDO LOS PRADOS;SP0010000208938;2022-12-21T00:42:00.000;;Entregado;"1.016,78 €";"131,91 €";"1.148,69 €";2022-12-27T15:00:00.000;2022-12-27T15:00:00.000;;Envío Standard;"369,29 Kg"
7849375;348086;25025014 YELMO OVIEDO LOS PRADOS;SP0010000208340;2022-12-15T00:43:00.000;;Entregado;"2.605,73 €";"330,36 €";"2.936,09 €";2022-12-20T15:00:00.000;2022-12-20T15:00:00.000;;Envío Standard;"1.100,51 Kg"
7841066;348086;25025014 YELMO OVIEDO LOS PRADOS;SP0010000207411;2022-12-10T00:40:00.000;;Recibido;"0,00 €";"0,00 €";"0,00 €";2022-12-20T15:00:00.000;2022-12-20T15:00:00.000;;Envío Standard;"0,00 Kg"
7835527;348086;25025014 YELMO OVIEDO LOS PRADOS;SP0010000207349;2022-12-07T00:45:00.000;;Recibido;"0,00 €";"0,00 €";"0,00 €";2022-12-13T15:00:00.000;2022-12-13T15:00:00.000;;Envío Standard;"0,00 Kg"
7828260;348086;25025014 YELMO OVIEDO LOS PRADOS;SP0010000205923;2022-12-02T00:49:00.000;;Entregado;"1.142,74 €";"109,60 €";"1.252,34 €";2022-12-06T12:30:00.000;2022-12-06T12:30:00.000;;Envío Standard;"645,29 Kg"
7812247;348086;25025014 YELMO OVIEDO LOS PRADOS;GAFAS 3D;2022-11-23T08:54:00.000;;Entregado;"188,50 €";"39,59 €";"228,09 €";2022-12-06T12:30:00.000;2022-12-06T12:30:00.000;;Envío Standard;"248,30 Kg"
7811978;348086;25025014 YELMO OVIEDO LOS PRADOS;SP0010000204193;2022-11-23T00:44:00.000;;Recibido;"201,36 €";"20,14 €";"221,50 €";2022-11-29T15:00:00.000;2022-11-29T15:00:00.000;;Envío Standard;"13,20 Kg"
7805845;348086;25025014 YELMO OVIEDO LOS PRADOS;GATO CON BOTAS;2022-11-18T14:49:00.000;;Entregado;"315,57 €";"66,27 €";"381,84 €";2022-12-06T12:30:00.000;2022-12-06T12:30:00.000;;Envío Standard;"10,90 Kg"
7805319;348086;25025014 YELMO OVIEDO LOS PRADOS;GATO CON BOTAS;2022-11-18T10:04:00.000;;Anulado;"315,57 €";"66,27 €";"381,84 €";2022-11-22T15:00:00.000;2022-11-22T15:00:00.000;;Envío Standard;"10,90 Kg"
7802369;348086;25025014 YELMO OVIEDO LOS PRADOS;SP0010000203139;2022-11-17T00:48:00.000;;Entregado;"2.258,79 €";"265,54 €";"2.524,33 €";2022-11-22T15:00:00.000;2022-11-22T15:00:00.000;;Envío Standard;"926,70 Kg"
7796835;348086;25025014 YELMO OVIEDO LOS PRADOS;EXP. Y BOMBONES;2022-11-14T12:16:00.000;;Entregado;"201,36 €";"20,14 €";"221,50 €";2022-11-22T15:00:00.000;2022-11-22T15:00:00.000;;Envío Standard;"15,10 Kg"
7780841;348086;25025014 YELMO OVIEDO LOS PRADOS;SP0010000200279;2022-11-04T00:44:00.000;;Entregado;"1.644,65 €";"192,09 €";"1.836,74 €";2022-11-08T15:00:00.000;2022-11-08T15:00:00.000;;Envío Standard;"656,70 Kg"
7770417;348086;25025014 YELMO OVIEDO LOS PRADOS;DIST.BLACK PANT;2022-10-28T12:29:00.000;;Entregado;"0,00 €";"0,00 €";"0,00 €";2022-11-08T15:00:00.000;2022-11-08T15:00:00.000;;Envío Standard;"1,00 Kg"
7739290;348086;25025014 YELMO OVIEDO LOS PRADOS;SP0010000196514;2022-10-11T00:41:00.000;;Entregado;"1.853,81 €";"252,90 €";"2.106,71 €";2022-10-18T15:00:00.000;2022-10-18T15:00:00.000;;Envío Standard;"509,99 Kg"
7727695;348086;25025014 YELMO OVIEDO LOS PRADOS;SP0010000195606;2022-10-04T00:45:00.000;;Recibido;"0,00 €";"0,00 €";"0,00 €";2022-10-11T15:00:00.000;2022-10-11T15:00:00.000;;Envío Standard;"0,00 Kg"
7725899;348086;25025014 YELMO OVIEDO LOS PRADOS;;2022-10-03T10:55:00.000;;Entregado;"114,62 €";"11,46 €";"126,08 €";2022-10-04T07:00:00.000;2022-10-04T14:00:00.000;;Envío Standard;"11,96 Kg"
7718327;348086;25025014 YELMO OVIEDO LOS PRADOS;SP0010000193752;2022-09-28T00:43:00.000;;Entregado;"2.441,42 €";"290,76 €";"2.732,18 €";2022-10-04T15:00:00.000;2022-10-04T15:00:00.000;;Envío Standard;"972,58 Kg"
7712248;348086;25025014 YELMO OVIEDO LOS PRADOS;TERMO BLACK ADA;2022-09-23T16:05:00.000;;Entregado;"443,76 €";"93,19 €";"536,95 €";2022-10-04T15:00:00.000;2022-10-04T15:00:00.000;;Envío Standard;"15,90 Kg"
7705753;348086;25025014 YELMO OVIEDO LOS PRADOS;TERMO BLACK ADA;2022-09-20T10:58:00.000;;Anulado;"443,76 €";"93,19 €";"536,95 €";2022-09-27T15:00:00.000;2022-09-27T15:00:00.000;;Envío Standard;"15,90 Kg"
7688572;348086;25025014 YELMO OVIEDO LOS PRADOS;SP0010000192139;2022-09-09T00:42:00.000;;Entregado;"966,27 €";"91,64 €";"1.057,91 €";2022-09-13T15:00:00.000;2022-09-13T15:00:00.000;;Envío Standard;"362,37 Kg"
7665390;348086;25025014 YELMO OVIEDO LOS PRADOS;SP0010000189833;2022-08-26T00:41:00.000;;Entregado;"1.539,23 €";"158,11 €";"1.697,34 €";2022-08-30T15:00:00.000;2022-08-30T15:00:00.000;;Envío Standard;"593,95 Kg"
7642404;348086;25025014 YELMO OVIEDO LOS PRADOS;SP0010000188425;2022-08-12T00:42:00.000;;Entregado;"1.204,96 €";"128,84 €";"1.333,80 €";2022-08-16T15:00:00.000;2022-08-16T15:00:00.000;;Envío Standard;"437,09 Kg"
7607992;348086;25025014 YELMO OVIEDO LOS PRADOS;GUANTES UN USO;2022-07-22T11:45:00.000;;Entregado;"0,00 €";"0,00 €";"0,00 €";2022-07-26T15:00:00.000;2022-07-26T15:00:00.000;;Envío Standard;"1,00 Kg"
7606985;348086;25025014 YELMO OVIEDO LOS PRADOS;SP0010000185467;2022-07-22T00:42:00.000;;Entregado;"1.742,25 €";"210,37 €";"1.952,62 €";2022-07-26T15:00:00.000;2022-07-26T15:00:00.000;;Envío Standard;"426,27 Kg"
7578581;348086;25025014 YELMO OVIEDO LOS PRADOS;SP0010000182764;2022-07-06T00:42:00.000;;Entregado;"1.591,47 €";"134,86 €";"1.726,33 €";2022-07-12T15:00:00.000;2022-07-12T15:00:00.000;;Envío Standard;"661,31 Kg"
7568427;348086;25025014 YELMO OVIEDO LOS PRADOS;SP0010000182534;2022-06-30T00:39:00.000;;Recibido;"293,10 €";"61,55 €";"354,65 €";2022-07-05T15:00:00.000;2022-07-05T15:00:00.000;;Envío Standard;"84,30 Kg"
7568428;348086;25025014 YELMO OVIEDO LOS PRADOS;SP0010000182535;2022-06-30T00:39:00.000;;Recibido;"1.291,20 €";"271,15 €";"1.562,35 €";2022-07-05T15:00:00.000;2022-07-05T15:00:00.000;;Envío Standard;"372,10 Kg"
7560724;348086;25025014 YELMO OVIEDO LOS PRADOS;40 ANIVERSARIO;2022-06-24T14:00:00.000;;Entregado;"0,00 €";"0,00 €";"0,00 €";2022-06-28T15:00:00.000;2022-06-28T15:00:00.000;;Envío Standard;"1,00 Kg"
7559427;348086;25025014 YELMO OVIEDO LOS PRADOS;SP0010000180308;2022-06-24T00:40:00.000;;Recibido;"469,18 €";"98,53 €";"567,71 €";2022-06-28T15:00:00.000;2022-06-28T15:00:00.000;;Envío Standard;"54,00 Kg"
7559428;348086;25025014 YELMO OVIEDO LOS PRADOS;SP0010000180309;2022-06-24T00:40:00.000;;Recibido;"164,92 €";"34,63 €";"199,55 €";2022-06-28T15:00:00.000;2022-06-28T15:00:00.000;;Envío Standard;"12,30 Kg"
7559429;348086;25025014 YELMO OVIEDO LOS PRADOS;SP0010000180310;2022-06-24T00:40:00.000;;Entregado;"1.493,19 €";"163,55 €";"1.656,74 €";2022-06-28T15:00:00.000;2022-06-28T15:00:00.000;;Envío Standard;"646,69 Kg"
7555774;348086;25025014 YELMO OVIEDO LOS PRADOS;KIT COCA-COLA;2022-06-22T14:41:00.000;;Entregado;"0,00 €";"0,00 €";"0,00 €";2022-06-28T15:00:00.000;2022-06-28T15:00:00.000;;Envío Standard;"1,00 Kg"
7546105;348086;25025014 YELMO OVIEDO LOS PRADOS;GUANTES UN USO;2022-06-16T16:18:00.000;;Entregado;"0,00 €";"0,00 €";"0,00 €";2022-06-21T15:00:00.000;2022-06-21T15:00:00.000;;Envío Standard;"1,00 Kg"
7544422;348086;25025014 YELMO OVIEDO LOS PRADOS;SP0010000179631;2022-06-16T00:43:00.000;;Entregado;"2.187,84 €";"299,86 €";"2.487,70 €";2022-06-21T15:00:00.000;2022-06-21T15:00:00.000;;Envío Standard;"624,40 Kg"
7544069;348086;25025014 YELMO OVIEDO LOS PRADOS;GAFAS 3D;2022-06-15T18:48:00.000;;Entregado;"164,92 €";"34,63 €";"199,55 €";2022-06-21T15:00:00.000;2022-06-21T15:00:00.000;;Envío Standard;"13,50 Kg"
7540108;348086;25025014 YELMO OVIEDO LOS PRADOS;VASO/CUBO THOR;2022-06-13T20:09:00.000;;Entregado;"0,00 €";"0,00 €";"0,00 €";2022-06-21T15:00:00.000;2022-06-21T15:00:00.000;;Envío Standard;"1,00 Kg"
7530864;348086;25025014 YELMO OVIEDO LOS PRADOS;SP0010000177588;2022-06-08T00:41:00.000;;Recibido;"0,00 €";"0,00 €";"0,00 €";2022-06-14T15:00:00.000;2022-06-14T15:00:00.000;;Envío Standard;"0,00 Kg"
7530865;348086;25025014 YELMO OVIEDO LOS PRADOS;SP0010000177589;2022-06-08T00:41:00.000;;Recibido;"0,00 €";"0,00 €";"0,00 €";2022-06-14T15:00:00.000;2022-06-14T15:00:00.000;;Envío Standard;"0,00 Kg"
7527350;348086;25025014 YELMO OVIEDO LOS PRADOS;TAPAS DIF.MEDID;2022-06-06T12:51:00.000;;Entregado;"323,19 €";"67,87 €";"391,06 €";2022-06-21T15:00:00.000;2022-06-21T15:00:00.000;;Envío Standard;"38,10 Kg"
7523248;348086;25025014 YELMO OVIEDO LOS PRADOS;SP0010000177408;2022-06-03T00:42:00.000;;Entregado;"824,51 €";"96,21 €";"920,72 €";2022-06-07T15:00:00.000;2022-06-07T15:00:00.000;;Envío Standard;"409,11 Kg"
7510543;348086;25025014 YELMO OVIEDO LOS PRADOS;CUBO MINIONS 2;2022-05-26T13:35:00.000;;Entregado;"0,00 €";"0,00 €";"0,00 €";2022-06-07T15:00:00.000;2022-06-07T15:00:00.000;;Envío Standard;"33,60 Kg"
7508217;348086;25025014 YELMO OVIEDO LOS PRADOS;PELUCHES J.WORL;2022-05-25T10:47:00.000;;Entregado;"408,65 €";"85,82 €";"494,47 €";2022-06-07T15:00:00.000;2022-06-07T15:00:00.000;;Envío Standard;"10,50 Kg"
7508089;348086;25025014 YELMO OVIEDO LOS PRADOS;B.JUR.WORLD/PAR;2022-05-25T10:11:00.000;;Entregado;"125,52 €";"26,36 €";"151,88 €";2022-06-07T15:00:00.000;2022-06-07T15:00:00.000;;Envío Standard;"5,30 Kg"
7486232;348086;25025014 YELMO OVIEDO LOS PRADOS;SP0010000174450;2022-05-12T00:47:00.000;;Entregado;"2.565,86 €";"300,36 €";"2.866,22 €";2022-05-17T15:00:00.000;2022-05-17T15:00:00.000;;Envío Standard;"943,56 Kg"
7483130;348086;25025014 YELMO OVIEDO LOS PRADOS;ACEITE ORUJO;2022-05-10T10:56:00.000;;Entregado;"0,00 €";"0,00 €";"0,00 €";2022-05-17T15:00:00.000;2022-05-17T15:00:00.000;;Envío Standard;"1,00 Kg"
7464543;348086;25025014 YELMO OVIEDO LOS PRADOS;OBSOLETOS;2022-04-28T18:07:00.000;;Entregado;"200,90 €";"42,19 €";"243,09 €";2022-05-03T15:00:00.000;2022-05-03T15:00:00.000;;Envío Standard;"59,10 Kg"
7462689;348086;25025014 YELMO OVIEDO LOS PRADOS;SP0010000172068;2022-04-28T00:42:00.000;;Entregado;"680,01 €";"68,00 €";"748,01 €";2022-05-03T15:00:00.000;2022-05-03T15:00:00.000;;Envío Standard;"126,01 Kg"
7438879;348086;25025014 YELMO OVIEDO LOS PRADOS;SP0010000169666;2022-04-13T00:42:00.000;;Recibido;"0,00 €";"0,00 €";"0,00 €";2022-04-19T15:00:00.000;2022-04-19T15:00:00.000;;Envío Standard;"0,00 Kg"
7432601;348086;25025014 YELMO OVIEDO LOS PRADOS;BOT.MAR.STRANGE;2022-04-08T14:59:00.000;;Entregado;"0,00 €";"0,00 €";"0,00 €";2022-04-12T15:00:00.000;2022-04-12T15:00:00.000;;Envío Standard;"1,00 Kg"
7429934;348086;25025014 YELMO OVIEDO LOS PRADOS;SP0010000168553;2022-04-07T12:41:00.000;;Entregado;"557,63 €";"55,76 €";"613,39 €";2022-04-12T15:00:00.000;2022-04-12T15:00:00.000;;Envío Standard;"79,60 Kg"
7429009;348086;25025014 YELMO OVIEDO LOS PRADOS;GUANTE UN USO;2022-04-07T07:11:00.000;;Entregado;"0,00 €";"0,00 €";"0,00 €";2022-04-12T15:00:00.000;2022-04-12T15:00:00.000;;Envío Standard;"1,00 Kg"
7428902;348086;25025014 YELMO OVIEDO LOS PRADOS;SP0010000168507;2022-04-07T00:41:00.000;;Entregado;"2.203,63 €";"283,19 €";"2.486,82 €";2022-04-12T15:00:00.000;2022-04-12T15:00:00.000;;Envío Standard;"949,35 Kg"
7413132;348086;25025014 YELMO OVIEDO LOS PRADOS;TERMO H.POTTER;2022-03-28T19:24:00.000;;Entregado;"251,67 €";"52,85 €";"304,52 €";2022-04-05T15:00:00.000;2022-04-05T15:00:00.000;;Envío Standard;"13,35 Kg"
7405169;348086;25025014 YELMO OVIEDO LOS PRADOS;SP0010000164911;2022-03-23T11:31:00.000;;Entregado;"1.901,76 €";"210,43 €";"2.112,19 €";2022-03-24T11:00:00.000;2022-03-24T11:00:00.000;;Envío Standard;"542,33 Kg"
7395446;348086;25025014 YELMO OVIEDO LOS PRADOS;SP0010000164911;2022-03-17T00:43:00.000;;Anulado;"1.901,76 €";"210,43 €";"2.112,19 €";2022-03-22T15:00:00.000;2022-03-22T15:00:00.000;;Envío Standard;"542,33 Kg"
7384188;348086;25025014 YELMO OVIEDO LOS PRADOS;BATMAN;2022-03-10T09:57:00.000;;Entregado;"0,00 €";"0,00 €";"0,00 €";2022-03-11T00:00:00.000;2022-03-11T00:00:00.000;;Envío Standard;"1,00 Kg"
7372334;348086;25025014 YELMO OVIEDO LOS PRADOS;;2022-03-02T18:39:00.000;;Entregado;"2.168,70 €";"273,53 €";"2.442,23 €";2022-03-08T15:00:00.000;2022-03-08T15:00:00.000;;Envío Standard;"925,36 Kg"
7350260;348086;25025014 YELMO OVIEDO LOS PRADOS;SP0010000159252;2022-02-16T12:41:00.000;;Recibido;"253,62 €";"53,26 €";"306,88 €";;;;Envío Standard;"50,65 Kg"
7340308;348086;25025014 YELMO OVIEDO LOS PRADOS;SP0010000156545;2022-02-10T00:42:00.000;;Entregado;"1.378,51 €";"143,29 €";"1.521,80 €";2022-02-15T15:00:00.000;2022-02-15T15:00:00.000;;Envío Standard;"550,57 Kg"
7317778;348086;25025014 YELMO OVIEDO LOS PRADOS;SP0010000155490;2022-01-26T00:42:00.000;;Recibido;"0,00 €";"0,00 €";"0,00 €";2022-02-01T15:00:00.000;2022-02-01T15:00:00.000;;Envío Standard;"0,00 Kg"
7312154;348086;25025014 YELMO OVIEDO LOS PRADOS;OBSOLETOS;2022-01-21T16:56:00.000;;Entregado;"253,62 €";"53,26 €";"306,88 €";2022-02-15T15:00:00.000;2022-02-15T15:00:00.000;;Envío Standard;"50,65 Kg"
7309027;348086;25025014 YELMO OVIEDO LOS PRADOS;SP0010000154908;2022-01-20T00:47:00.000;;Entregado;"928,50 €";"122,71 €";"1.051,21 €";2022-01-25T15:00:00.000;2022-01-25T15:00:00.000;;Envío Standard;"179,95 Kg"
7304066;348086;25025014 YELMO OVIEDO LOS PRADOS;TAPA VASO 32 OZ;2022-01-17T10:16:00.000;;Entregado;"0,00 €";"0,00 €";"0,00 €";2022-01-25T15:00:00.000;2022-01-25T15:00:00.000;;Envío Standard;"1,00 Kg"
7264194;348086;25025014 YELMO OVIEDO LOS PRADOS;SP0010000149233;2021-12-21T00:41:00.000;;Entregado;"1.895,41 €";"235,93 €";"2.131,34 €";2021-12-28T15:00:00.000;2021-12-28T15:00:00.000;;Envío Standard;"938,10 Kg"
7256578;348086;25025014 YELMO OVIEDO LOS PRADOS;;2021-12-15T11:33:00.000;;Entregado;"174,18 €";"6,97 €";"181,15 €";2021-12-17T00:00:00.000;2021-12-17T00:00:00.000;;Envío Standard;"49,35 Kg"
7256273;348086;25025014 YELMO OVIEDO LOS PRADOS;VASO SPIDERMAN;2021-12-15T09:38:00.000;;Anulado;"0,00 €";"0,00 €";"0,00 €";2021-12-17T00:00:00.000;2021-12-17T00:00:00.000;;Envío Standard;"1,00 Kg"
7253143;348086;25025014 YELMO OVIEDO LOS PRADOS;BOQUILLA;2021-12-13T15:53:00.000;;Entregado;"0,00 €";"0,00 €";"0,00 €";2021-12-17T00:00:00.000;2021-12-17T00:00:00.000;;Envío Standard;"0,15 Kg"
7252797;348086;25025014 YELMO OVIEDO LOS PRADOS;QUESO GELHS;2021-12-13T13:33:00.000;;Entregado;"174,18 €";"6,97 €";"181,15 €";2021-12-17T00:00:00.000;2021-12-17T00:00:00.000;;Envío Standard;"49,35 Kg"
7251521;348086;25025014 YELMO OVIEDO LOS PRADOS;SP0010000148975;2021-12-13T00:42:00.000;;Entregado;"1.296,62 €";"151,43 €";"1.448,05 €";2021-12-17T00:00:00.000;2021-12-17T00:00:00.000;;Envío Standard;"716,80 Kg"
7251522;348086;25025014 YELMO OVIEDO LOS PRADOS;SP0010000148978;2021-12-13T00:42:00.000;;Entregado;"369,40 €";"36,94 €";"406,34 €";2021-12-17T00:00:00.000;2021-12-17T00:00:00.000;;Envío Standard;"80,30 Kg"
7234473;348086;25025014 YELMO OVIEDO LOS PRADOS;SP0010000146280;2021-12-02T00:40:00.000;;Entregado;"1.605,92 €";"214,82 €";"1.820,74 €";2021-12-07T15:00:00.000;2021-12-07T15:00:00.000;;Envío Standard;"754,36 Kg"
7234474;348086;25025014 YELMO OVIEDO LOS PRADOS;SP0010000146281;2021-12-02T00:40:00.000;;Entregado;"211,02 €";"21,10 €";"232,12 €";2021-12-07T15:00:00.000;2021-12-07T15:00:00.000;;Envío Standard;"45,85 Kg"
7221474;348086;25025014 YELMO OVIEDO LOS PRADOS;SP0010000144875;2021-11-24T00:41:00.000;;Recibido;"1.561,12 €";"180,02 €";"1.741,14 €";2021-11-30T15:00:00.000;2021-11-30T15:00:00.000;;Envío Standard;"666,47 Kg"
7215495;348086;25025014 YELMO OVIEDO LOS PRADOS;F191121;2021-11-19T14:09:00.000;2021-11-23T00:00:00.000;Entregado;"1.562,92 €";"180,20 €";"1.743,12 €";2021-11-23T15:00:00.000;2021-11-23T15:00:00.000;2021-11-23T00:00:00.000;Envío Standard;"668,87 Kg"
7189336;348086;25025014 YELMO OVIEDO LOS PRADOS;SP0010000140998;2021-11-04T00:40:00.000;;Entregado;"1.576,40 €";"194,28 €";"1.770,68 €";2021-11-09T15:00:00.000;2021-11-09T15:00:00.000;;Envío Standard;"769,25 Kg"
7167342;348086;25025014 YELMO OVIEDO LOS PRADOS;SP0010000140105;2021-10-21T00:42:00.000;;Entregado;"1.156,18 €";"153,33 €";"1.309,51 €";2021-10-26T15:00:00.000;2021-10-26T15:00:00.000;;Envío Standard;"427,49 Kg"
7147330;348086;25025014 YELMO OVIEDO LOS PRADOS;SP0010000138079;2021-10-08T00:42:00.000;;Entregado;"1.101,36 €";"132,69 €";"1.234,05 €";2021-10-12T12:30:00.000;2021-10-12T12:30:00.000;;Envío Standard;"480,08 Kg"
7140186;348086;25025014 YELMO OVIEDO LOS PRADOS;VASOS ETERNALS;2021-10-04T14:10:00.000;;Anulado;"7,54 €";"0,75 €";"8,29 €";2021-10-12T12:30:00.000;2021-10-12T12:30:00.000;;Envío Standard;"1,00 Kg"
7133652;348086;25025014 YELMO OVIEDO LOS PRADOS;SP0010000136402;2021-09-30T00:39:00.000;;Recibido;"142,83 €";"14,28 €";"157,11 €";2021-10-05T15:00:00.000;2021-10-05T15:00:00.000;;Envío Standard;"49,65 Kg"
7131997;348086;25025014 YELMO OVIEDO LOS PRADOS;SP0010000134728;2021-09-29T00:41:00.000;;Recibido;"142,83 €";"14,28 €";"157,11 €";2021-10-05T15:00:00.000;2021-10-05T15:00:00.000;;Envío Standard;"49,65 Kg"
7125099;348086;25025014 YELMO OVIEDO LOS PRADOS;SP0010000134551;2021-09-24T00:41:00.000;;Entregado;"2.164,76 €";"268,10 €";"2.432,86 €";2021-09-28T15:00:00.000;2021-09-28T15:00:00.000;;Envío Standard;"1.163,48 Kg"
7125100;348086;25025014 YELMO OVIEDO LOS PRADOS;SP0010000134553;2021-09-24T00:41:00.000;;Entregado;"584,07 €";"58,41 €";"642,48 €";2021-09-28T15:00:00.000;2021-09-28T15:00:00.000;;Envío Standard;"123,75 Kg"
7125101;348086;25025014 YELMO OVIEDO LOS PRADOS;SP0010000134555;2021-09-24T00:41:00.000;;Entregado;"132,95 €";"13,30 €";"146,25 €";2021-09-28T15:00:00.000;2021-09-28T15:00:00.000;;Envío Standard;"35,00 Kg"
7117809;348086;25025014 YELMO OVIEDO LOS PRADOS;GUANTE 1 USO;2021-09-20T11:50:00.000;;Entregado;"0,00 €";"0,00 €";"0,00 €";2021-09-28T15:00:00.000;2021-09-28T15:00:00.000;;Envío Standard;"1,00 Kg"
7112017;348086;25025014 YELMO OVIEDO LOS PRADOS;SP0010000134227;2021-09-16T00:42:00.000;;Entregado;"539,34 €";"49,77 €";"589,11 €";2021-09-21T15:00:00.000;2021-09-21T15:00:00.000;;Envío Standard;"222,56 Kg"
7104522;348086;25025014 YELMO OVIEDO LOS PRADOS;DISTRI VENOM;2021-09-10T13:43:00.000;;Anulado;"0,00 €";"0,00 €";"0,00 €";;;;Envío Standard;"1,00 Kg"
7082690;348086;25025014 YELMO OVIEDO LOS PRADOS;ENV.SALSA QUESO;2021-08-27T09:04:00.000;;Entregado;"65,39 €";"6,54 €";"71,93 €";2021-08-31T15:00:00.000;2021-08-31T15:00:00.000;;Envío Standard;"21,25 Kg"
7080937;348086;25025014 YELMO OVIEDO LOS PRADOS;SP0010000130554;2021-08-26T12:42:00.000;;Entregado;"817,60 €";"91,67 €";"909,27 €";2021-08-31T15:00:00.000;2021-08-31T15:00:00.000;;Envío Standard;"438,95 Kg"
6727940;348086;25025014 YELMO OVIEDO LOS PRADOS;PANT.FACIAL;2020-11-09T16:51:00.000;;Entregado;"0,00 €";"0,00 €";"0,00 €";2021-08-31T15:00:00.000;2021-08-31T15:00:00.000;;Envío Standard;"1,00 Kg"
6711734;348086;25025014 YELMO OVIEDO LOS PRADOS;ECOM.DESINF.;2020-10-22T13:43:00.000;;Entregado;"0,00 €";"0,00 €";"0,00 €";2021-08-31T15:00:00.000;2021-08-31T15:00:00.000;;Envío Standard;"1,00 Kg"
