Nº Pedido Conway:;0487252;Estado:;;Fecha Entrada:;2026-08-25T01:52:00.000;;;;;;
Nº Pedido Cliente:;0487252;Base Imponible:;"2.770,66 €";Fecha Facturación:;;;;;;;
Tipo de Pedido:;Envío Standard;Impuestos:;"355,43 €";Fecha Entrega:;;;;;;;
Peso Total:;"791,70 Kg";Total:;"3.126,09 €";;;;;;;;
;;;;;;;;;;;
NumeroPedidoInternoKey;NumeroLineaPedidoInterno;IdArticulo;DescripcionArticulo;Tamanyo;Pack;CantidadPedida;CantidadRecibida;PrecioUnitario;PorcentajeIVA;PorcentajeREQ;IdArticuloCliente
0487252;00001;469804;PIZZA JAMON YORK27CM 380G;380GRS;8;1;;"27,94 €";"10,00 €";"0,00 €";
0487252;00002;420302;RISI GUSANITOS;85 GRS;8;10;;"7,20 €";"10,00 €";"0,00 €";8411859553180C
0487252;00003;234679;DORITOS TEX MEX 20*140GR;20*140GR;20;2;;"22,86 €";"10,00 €";"0,00 €";18410199040760
0487252;00004;143847;CERVEZA 1906 RSVA ESPEC.;4PACK*6U;24;1;;"21,44 €";"21,00 €";"0,00 €";8412598033308
0487252;00005;222062;VASO DPE 44 15X35 NL 1LT;525UNDS;525;1;;"76,06 €";"21,00 €";"0,00 €";
0487252;00006;373212;VASO DPE32 10X62 75/1025C;75/1025C;620;1;;"53,69 €";"21,00 €";"0,00 €";8413997628652
0487252;00007;208368;BIFRUTAS MEDITE.ORIGINAL;33 CL;18;1;;"9,72 €";"21,00 €";"0,00 €";8410128776657
0487252;00008;330324;BIFRUTAS TROPI.ORIGINAL;33 CL **;18;1;;"9,72 €";"21,00 €";"0,00 €";8410128891169
0487252;00009;347885;CHEDDAR SEASONING 1KG;1KG;10;2;;"69,43 €";"10,00 €";"0,00 €";5057624847769.
0487252;00010;465497;PULEVA LECHE MILKY;200 ML;6;1;;"0,00 €";"10,00 €";"0,00 €";8410285103662
0487252;00011;227322;LACASITOS TUBO EXP.VERTIC;(BE65);36;3;;"13,85 €";"10,00 €";"0,00 €";8410740006811A
0487252;00012;002998;CONGUITOS BOLSA 90 GRS.;90 GRS.;24;1;;"28,42 €";"10,00 €";"0,00 €";8410556002052
0487252;00013;926550;NESTLE CRUNCH;40 GRS;15;1;;"13,21 €";"10,00 €";"0,00 €";8410100030722
0487252;00014;322776;NESTLE KIT KAT;"41,5GRS";36;3;;"22,90 €";"10,00 €";"0,00 €";40052403
0487252;00015;328968;MALTESERS;68 GRS.;24;1;;"44,45 €";"10,00 €";"0,00 €";5000159503617
0487252;00016;616425;SNICKERS;50 GR;24;1;;"18,32 €";"10,00 €";"0,00 €";5900951311505
0487252;00017;037114;TOBLERONE PEQ.CON LECHE;50 GRS.;24;1;;"32,39 €";"10,00 €";"0,00 €";76145513
0487252;00018;322925;TWIX;50 GRS.;25;1;;"18,97 €";"10,00 €";"0,00 €";5000159459228
0487252;00019;465000;TAPA PAPEL VASO 32OZ;YELMO;500;2;;"23,25 €";"21,00 €";"0,00 €";
0487252;00020;247424;TAPA TARRINA 120 ML.CINE;20*50UND;1000;1;;"71,18 €";"21,00 €";"0,00 €";8420499233284
0487252;00021;012687;CONS.DIV.PALOMITA260OZ UN;260ONZ;500;1;;"43,03 €";"21,00 €";"0,00 €";
0487252;00022;678284;HARIBO B. FRESONES;100 GRS.;18;1;;"9,84 €";"10,00 €";"0,00 €";8426617003289
0487252;00023;678268;HARIBO B. FAV.AZUCAR;90 GRS.;18;1;;"10,40 €";"10,00 €";"0,00 €";8426617014032
0487252;00024;000000;FRITURA ANDALUZA;CAFESTOR;1;1;;"0,00 €";"10,00 €";"0,00 €";18411530598070
0487252;00025;563627;HARIBO B. MELOCOTONES;100 GRS;18;1;;"9,84 €";"10,00 €";"0,00 €";8426617003111
0487252;00026;845503;HARIBO B. FAV.PICA;90GR;18;1;;"9,84 €";"10,00 €";"0,00 €";8426617013400
0487252;00027;310099;MAIZ MUSHROOM POP N ROLL;10 KG;1;3;;"12,88 €";"4,00 €";"0,00 €";3577067000504
0487252;00028;273388;SACO MAIZ 10KG;10KG;1;20;;"11,83 €";"4,00 €";"0,00 €";3577067000726
0487252;00029;225479;SAL PALOMITAS;12*1KG;12;2;;"9,63 €";"10,00 €";"0,00 €";
0487252;00030;448824;ESTUCHE EXTRA GRANDE XXL;YELMO;160;3;;"49,49 €";"21,00 €";"0,00 €";
0487252;00031;851329;PALOMITERO YELMO 145 GRS;145GRS;500;2;;"44,27 €";"21,00 €";"0,00 €";
0487252;00032;851337;PALOMITERO YELMO 220GR;220GRS;375;4;;"39,16 €";"21,00 €";"0,00 €";
0487252;00033;402391;ACEITE GIRASOL 3*5LT;3*5LT;3;5;;"24,56 €";"10,00 €";"0,00 €";8424536936879
0487252;00034;221619;GLAZE POP CARAMELO;794 GRS;12;6;;"42,27 €";"10,00 €";"0,00 €";
0487252;00035;980102;PALOMITERO 260 OZ GRAN;.;300;3;;"45,84 €";"21,00 €";"0,00 €";
0487252;00036;393111;SABORIZANTE DORITOS 1KG;1KG;10;1;;"92,48 €";"10,00 €";"0,00 €";5057624076930
0487252;00037;420419;FINGER DE POLLO 1KG;1 KG;5;1;;"44,80 €";"10,00 €";"0,00 €";4004074001587
0487252;00038;067830;KIT HOT DOG AMERICAN XXL;.;48;1;;"70,19 €";"10,00 €";"0,00 €";8410320121200
0487252;00039;451000;PAN XXL BRIOCHE 320 GRS;YELMO;48;1;;"4,43 €";"10,00 €";"0,00 €";8410320423144
0487252;00040;053897;TRIANGULOS MAIZ FRITO;125g;44;1;;"29,60 €";"10,00 €";"0,00 €";18436002420949
0487252;00041;357686;CREPE RELLENO CHOCOLATE;.;60;1;;"48,77 €";"10,00 €";"0,00 €";8435298711406
0487252;00042;304589;HARIBO BALLA BALLA FRESA;BOLS.1KG;1;3;;"4,04 €";"10,00 €";"0,00 €";8426617080174
0487252;00043;307327;HARIBO HAPPY CHERRIES;BOLS.1KG;1;3;;"4,04 €";"10,00 €";"0,00 €";8426617080198
0487252;00044;625624;HARIBO COCKTAIL BRILLO;BOLS.1KG;1;3;;"3,62 €";"10,00 €";"0,00 €";8426617060336
0487252;00045;625848;HARIBO DISCOS RGLIZ.ROJO;BOLS.2KG;1;1;;"7,94 €";"10,00 €";"0,00 €";3103220021507
0487252;00046;255075;HARIBO FAVORITOS PICA;BOLS.1KG;1;2;;"4,04 €";"10,00 €";"0,00 €";8426617080051
0487252;00047;284500;HARIBO FRESONES;BOLS.1KG;1;2;;"4,04 €";"10,00 €";"0,00 €";8426617080143
0487252;00048;224480;HARIBO TOPIFRUTTI;BOLS.1KG;1;3;;"4,04 €";"10,00 €";"0,00 €";8426617080105
0487252;00049;284526;HARIBO LADRILLOS FRES.PIC;BOLS.1KG;1;3;;"4,04 €";"10,00 €";"0,00 €";8426617080150
0487252;00050;224506;HARIBO FRUTTISSIMA VEGGIE;BOLS.1KG;1;3;;"4,04 €";"10,00 €";"0,00 €";8426617080112
0487252;00051;304571;HARIBO CORAZON MELOCOTON;BOLS.1KG;1;2;;"4,04 €";"10,00 €";"0,00 €";8426617080181
0487252;00052;677526;HARIBO MORA-FRAMB(BERRIES;BOLS.1KG;1;3;;"5,54 €";"10,00 €";"0,00 €";4001686705476
0487252;00053;224431;HARIBO OSITOS DE ORO;BOLS.1KG;1;1;;"4,04 €";"10,00 €";"0,00 €";8426617080013
0487252;00054;659532;HARIBO PASTA BAS.FRES.PIC;TAR.200U;1;2;;"7,54 €";"10,00 €";"0,00 €";8426617015947
0487252;00055;667683;FIESTA MAROMAS CEREZA;TAR.60UD;60;1;;"8,04 €";"10,00 €";"0,00 €";8411402253000
0487252;00056;284518;HARIBO SANDIA;BOLS.1KG;1;2;;"4,04 €";"10,00 €";"0,00 €";8426617080167
0487252;00057;659557;HARIBO SPAGHETTI FRESA PI;TAR.225U;1;2;;"8,70 €";"10,00 €";"0,00 €";8426617016531
0487252;00058;623819;DULCIORA PIKOTAS CEREZA B;BOLS.2KG;1;1;;"13,99 €";"10,00 €";"0,00 €";3664346305136
0487252;00059;625392;CONGUITOS ORIGINAL BLANCO;BOLS.1KG;1;2;;"7,88 €";"10,00 €";"0,00 €";8410556008092
0487252;00060;006762;CONGUITOS LECHE;BOLS.1KG;1;1;;"7,88 €";"10,00 €";"0,00 €";8410740907750
0487252;00061;716456;CONGUITOS PLANT BOLSA 1KG;BOLS.1KG;1;2;;"11,70 €";"10,00 €";"0,00 €";8410740922289
0487252;00062;625434;LACASITOS CHOCOLATE;BOLS.1KG;1;4;;"14,36 €";"10,00 €";"0,00 €";8410740006040
0487252;00063;625475;PASAS CORINTO C/CHOCO BIT;BOLS.1KG;1;2;;"10,95 €";"10,00 €";"0,00 €";8410740924177
0487252;00064;625376;SCHOCOBOLAS BLANCAS CONGU;BOLS.1KG;1;2;;"9,16 €";"10,00 €";"0,00 €";8410740923439
0487252;00065;625384;CONGUITOS ORIGINAL 1KG.;BOLS.1KG;1;2;;"7,88 €";"10,00 €";"0,00 €";8410556004124
0487252;00066;625368;SCHOCOBOLAS NEGRAS CONGUI;BOLS.1KG;1;1;;"9,16 €";"10,00 €";"0,00 €";8410740923477
